juego,sorteo_predicho,fecha_sorteo,rango,n_combos,aciertos_avg,aciertos_max,top_combos,suggested_combos,decile_avg,dist_aciertos,dist_comodin
kino,3231,2026-05-24,100,3,9.0,9,1-2-3-7-9-10-12-14-17-18-19-22-23-25:9;1-2-3-7-8-10-12-13-14-16-17-19-23-25:9;2-3-4-6-7-9-12-13-14-16-17-19-23-25:9,,,,
kino,3231,2026-05-24,1000,3,8.0,9,1-3-4-6-8-12-15-16-17-19-20-21-24-25:9;1-2-5-6-7-9-12-13-15-16-18-19-23-24:9;2-3-6-8-9-13-15-17-18-19-21-22-24-25:6,,,,
kino,3231,2026-05-24,250,3,8.3333,9,1-2-4-5-9-12-13-14-16-18-19-23-24-25:9;2-3-5-6-9-12-13-14-16-17-19-23-24-25:8;2-3-4-7-9-10-12-13-14-17-21-22-23-25:8,,,,
kino,3231,2026-05-24,50,3,8.3333,9,1-2-3-5-8-9-10-12-13-16-17-19-23-24:9;1-2-3-5-11-12-13-16-18-19-20-22-24-25:8;1-2-3-5-7-8-11-12-14-17-18-20-23-24:8,,,,
kino,3231,2026-05-24,500,3,8.3333,9,1-3-8-9-10-12-13-14-16-17-20-21-24-25:9;1-3-5-8-9-10-12-13-14-17-18-19-23-24:8;1-3-4-5-9-12-13-14-16-17-18-22-24-25:8,,,,
kino,3231,2026-05-24,all,3,8.0,9,2-3-6-7-11-12-15-16-19-20-21-23-24-25:9;1-2-3-6-7-8-11-12-13-15-19-21-22-24:8;1-2-6-7-8-12-13-15-16-17-19-21-22-25:7,,,,
kino,3232,2026-05-27,100,3,7.6667,8,3-6-7-8-10-12-13-14-16-18-19-20-23-25:8;1-2-3-5-7-9-13-14-18-19-20-22-23-24:8;2-3-4-6-7-12-14-15-17-18-19-21-23-25:7,,,7:1;8:2,
kino,3232,2026-05-27,1000,3,8.0,8,1-3-4-6-11-12-13-16-17-19-20-21-24-25:8;2-3-5-6-9-11-12-13-16-19-21-22-24-25:8;1-3-4-6-7-11-12-13-15-16-18-23-24-25:8,,,8:3,
kino,3232,2026-05-27,250,3,8.3333,9,2-3-5-6-7-9-10-13-16-17-19-22-24-25:9;1-2-5-7-8-9-12-14-17-18-19-23-24-25:9;2-3-4-7-8-9-12-14-17-19-21-22-24-25:7,,,7:1;9:2,
kino,3232,2026-05-27,50,3,6.6667,8,1-2-3-5-8-9-10-12-13-16-19-20-21-23:8;1-2-3-8-11-12-13-15-16-18-19-20-22-24:6;1-2-3-5-8-10-11-14-16-19-20-22-23-24:6,,,6:2;8:1,
kino,3232,2026-05-27,500,3,9.0,10,1-6-8-9-10-13-14-15-17-18-19-21-24-25:10;1-3-4-7-8-13-14-16-17-18-21-23-24-25:9;1-3-4-5-10-12-13-15-17-18-19-22-23-24:8,,,8:1;9:1;10:1,
kino,3232,2026-05-27,all,3,8.3333,9,2-3-7-8-9-11-12-13-16-17-18-21-24-25:9;2-3-6-7-9-11-13-16-18-19-21-22-24-25:8;1-3-4-6-9-11-12-13-15-16-17-22-24-25:8,,,8:2;9:1,
kino,3233,2026-05-29,100,3,8.0,10,3-4-6-7-9-10-14-15-17-18-20-21-23-24:10;1-2-5-6-8-9-12-13-15-16-19-20-22-24:7;1-2-4-7-8-10-13-14-16-17-19-21-24-25:7,,,7:2;10:1,
kino,3233,2026-05-29,1000,3,8.0,9,2-3-6-7-11-15-16-17-18-20-21-22-23-24:9;1-4-5-8-10-11-14-15-17-19-21-22-24-25:8;3-4-5-6-7-9-10-12-13-14-16-18-20-23:7,,,7:1;8:1;9:1,
kino,3233,2026-05-29,250,3,8.3333,9,2-3-5-6-7-9-10-11-12-14-17-20-23-25:9;1-2-4-8-11-12-15-16-18-19-21-22-24-25:8;3-5-7-8-10-11-13-15-16-18-20-21-23-24:8,,,8:2;9:1,
kino,3233,2026-05-29,50,3,7.6667,8,1-2-4-7-8-10-11-13-16-17-21-22-24-25:8;1-2-3-5-6-10-12-15-18-19-20-22-23-25:8;1-3-5-8-9-11-12-14-15-17-19-21-23-24:7,,,7:1;8:2,
kino,3233,2026-05-29,500,3,7.6667,8,2-3-4-6-7-11-12-13-16-17-18-20-22-23:8;1-2-4-5-8-10-13-14-16-18-20-21-23-24:8;1-4-5-8-9-11-12-14-15-19-21-22-24-25:7,,,7:1;8:2,
kino,3233,2026-05-29,all,3,8.3333,9,3-4-5-6-7-10-15-17-19-20-22-23-24-25:9;1-2-4-5-8-10-12-13-17-18-20-21-23-24:9;1-2-8-9-11-13-14-16-18-19-21-22-24-25:7,,,7:1;9:2,
kino,3234,2026-05-31,100,3,8.0,9,1-2-4-9-10-12-13-15-16-18-21-22-24-25:9;1-2-5-6-8-9-11-12-14-16-19-20-22-24:8;3-4-5-6-7-8-10-12-14-17-19-20-23-25:7,,,7:1;8:1;9:1,
kino,3234,2026-05-31,1000,3,7.6667,9,1-3-5-6-8-10-13-14-16-17-19-20-22-24:9;1-2-4-6-9-11-12-14-17-19-21-22-24-25:7;1-4-5-7-8-10-11-12-13-15-16-18-20-23:7,,,7:2;9:1,
kino,3234,2026-05-31,250,3,8.0,9,1-3-4-7-10-12-15-16-18-19-21-22-24-25:9;1-3-6-7-8-9-11-12-13-14-16-17-22-23:9;2-5-6-8-9-10-11-14-15-17-18-20-21-24:6,,,6:1;9:2,
kino,3234,2026-05-31,50,3,7.6667,9,2-3-5-6-9-11-13-15-16-18-20-22-24-25:9;1-3-7-8-10-12-13-14-17-18-19-21-22-23:8;1-2-4-6-7-9-11-12-14-15-18-21-23-24:6,,,6:1;8:1;9:1,
kino,3234,2026-05-31,500,3,8.0,9,1-2-5-7-8-10-11-13-14-18-19-21-22-25:9;1-4-6-9-11-12-13-14-15-16-19-20-23-25:8;2-3-4-6-7-8-12-15-16-17-18-21-23-24:7,,,7:1;8:1;9:1,
kino,3234,2026-05-31,all,3,7.6667,8,2-4-5-7-8-10-11-13-15-18-22-23-24-25:8;1-3-6-7-9-10-12-13-15-17-18-20-21-23:8;1-3-4-6-9-11-12-14-16-17-19-20-22-24:7,,,7:1;8:2,
kino,3235,2026-06-03,100,3,7.6667,9,1-2-5-7-10-12-14-15-17-19-20-22-24-25:9;2-3-4-6-8-10-11-12-13-16-17-18-21-23:8;1-2-4-5-8-9-11-13-15-18-19-21-22-24:6,,,6:1;8:1;9:1,
kino,3235,2026-06-03,1000,3,7.3333,8,1-3-5-7-8-12-13-15-17-18-20-21-23-24:8;2-4-5-7-10-12-13-15-16-19-21-22-24-25:7;2-3-5-6-8-9-11-14-16-18-20-22-23-25:7,,,7:2;8:1,
kino,3235,2026-06-03,250,3,7.6667,11,1-2-4-6-7-9-10-12-13-17-19-20-23-25:11;3-5-6-8-9-11-12-14-15-16-17-18-21-24:6;2-4-5-7-9-10-13-14-16-18-19-21-22-24:6,,,6:2;11:1,
kino,3235,2026-06-03,50,3,7.6667,9,2-4-6-7-10-11-13-15-17-19-20-22-23-25:9;1-3-4-5-8-9-11-12-14-16-17-18-22-24:7;1-3-5-6-8-10-11-13-15-16-20-21-24-25:7,,,7:2;9:1,
kino,3235,2026-06-03,500,3,7.3333,8,1-4-7-10-11-12-13-14-16-17-20-21-22-24:8;2-3-5-6-8-9-12-13-15-16-18-19-22-23:7;1-2-4-6-7-9-10-15-16-18-19-21-24-25:7,,,7:2;8:1,
kino,3235,2026-06-03,all,3,8.0,11,1-3-4-6-8-9-13-14-17-19-20-22-24-25:11;2-5-6-7-8-10-11-12-16-18-20-21-23-25:7;1-2-4-5-7-9-11-14-15-17-18-21-23-24:6,,,6:1;7:1;11:1,
kino,3236,2026-06-05,100,500,7.852,12,2-3-4-5-7-8-10-11-12-14-17-18-23-24:12;2-5-7-8-10-11-14-15-17-18-19-22-23-24:12;1-2-4-5-8-10-12-13-15-17-18-21-22-24:11,,,4:3;5:7;6:60;7:129;8:148;9:107;10:39;11:5;12:2,
kino,3236,2026-06-05,1000,500,7.902,11,1-2-4-7-8-10-12-14-17-18-19-21-22-23:11;2-4-5-7-11-13-14-15-16-17-18-22-23-24:11;1-2-4-7-10-12-14-15-17-18-20-21-22-23:11,,,5:7;6:49;7:125;8:174;9:100;10:40;11:5,
kino,3236,2026-06-05,250,500,7.83,12,1-2-4-5-8-10-12-14-15-17-18-20-22-23:12;1-4-5-7-8-10-12-14-15-17-18-20-23-25:11;2-3-5-7-10-12-15-16-17-18-21-22-23-24:11,,,4:1;5:13;6:46;7:134;8:170;9:93;10:39;11:3;12:1,
kino,3236,2026-06-05,50,500,7.906,12,2-5-7-8-10-12-13-15-17-18-20-22-23-24:12;1-2-4-7-8-11-12-14-15-17-18-20-22-24:11;2-4-5-7-8-9-10-13-14-15-18-21-22-23:11,,,4:1;5:10;6:55;7:120;8:152;9:117;10:36;11:8;12:1,
kino,3236,2026-06-05,500,500,7.928,11,2-3-4-5-7-8-9-11-12-17-18-22-23-24:11;2-4-5-9-10-12-13-14-17-18-21-22-23-24:11;3-4-5-7-8-11-12-14-15-17-18-19-22-23:11,,,4:2;5:10;6:42;7:130;8:144;9:131;10:38;11:3,
kino,3236,2026-06-05,all,500,7.942,11,2-4-5-7-8-10-12-13-15-17-18-21-22-25:11;2-4-5-7-10-11-12-14-15-16-17-19-23-24:11;2-4-5-9-10-12-14-15-17-18-19-21-23-24:11,,,4:1;5:5;6:57;7:125;8:153;9:102;10:44;11:13,
kino,3237,2026-06-07,100,500,7.822,11,1-3-5-6-8-10-13-15-16-18-19-22-23-25:11;1-3-6-7-8-10-12-14-15-16-19-22-23-25:11;5-6-7-8-9-10-13-15-16-18-20-21-23-25:11,,,4:1;5:22;6:60;7:100;8:166;9:106;10:40;11:5,
kino,3237,2026-06-07,1000,500,7.778,11,3-4-5-7-8-10-12-13-16-18-19-20-23-25:11;1-5-6-7-8-9-10-12-13-14-15-18-20-23:11;1-5-6-7-8-10-11-12-13-15-16-19-20-24:11,,,4:3;5:17;6:58;7:123;8:155;9:103;10:35;11:6,
kino,3237,2026-06-07,250,500,7.754,12,3-4-5-7-8-10-12-13-15-16-18-20-23-25:12;1-2-4-5-7-8-10-12-13-15-16-19-20-23:11;3-5-6-7-8-9-10-13-14-16-17-20-23-25:11,,,4:1;5:20;6:49;7:135;8:164;9:96;10:28;11:6;12:1,
kino,3237,2026-06-07,50,500,7.89,11,1-4-5-6-7-10-11-12-15-16-20-21-23-25:11;1-3-4-5-6-7-8-12-13-15-19-20-24-25:11;3-5-6-7-8-9-10-12-13-15-16-17-18-20:11,,,4:1;5:14;6:45;7:123;8:167;9:102;10:42;11:6,
kino,3237,2026-06-07,500,500,7.86,11,1-3-5-7-8-10-12-13-15-18-20-21-24-25:11;1-3-5-6-8-12-14-15-16-18-20-22-23-25:11;1-3-4-5-6-7-8-12-13-16-18-20-22-23:11,,,4:1;5:16;6:51;7:124;8:149;9:118;10:33;11:8,
kino,3237,2026-06-07,all,500,7.816,12,1-3-6-7-8-9-10-12-13-16-19-20-23-25:12;3-4-7-8-10-12-13-15-16-19-20-22-23-25:11;1-5-6-8-10-11-13-15-16-19-20-22-23-25:11,,,4:3;5:12;6:63;7:119;8:162;9:95;10:33;11:12;12:1,
loto,5430,2026-05-26 21:00:00,100,3,0.6667,1,15-18-24-29-31-36:1;7-17-28-30-34-36:1;15-17-18-27-34-37:0,,,0:1;1:2,
loto,5430,2026-05-26 21:00:00,1000,3,1.0,1,10-12-21-25-39-40:1;5-15-20-22-25-31:1;10-15-17-20-31-39:1,,,1:3,1:1
loto,5430,2026-05-26 21:00:00,250,3,0.3333,1,14-21-22-31-36-37:1;1-22-27-34-36-39:0;1-6-27-34-37-40:0,,,0:2;1:1,
loto,5430,2026-05-26 21:00:00,50,3,0.3333,1,6-7-19-24-28-30:1;7-16-20-21-26-36:0;6-18-19-21-24-26:0,,,0:2;1:1,
loto,5430,2026-05-26 21:00:00,500,3,1.3333,2,3-5-22-27-31-34:2;5-12-22-31-34-40:2;1-21-24-34-35-39:0,,,0:1;2:2,2:2
loto,5430,2026-05-26 21:00:00,all,3,1.0,2,5-12-14-23-27-32:2;1-7-12-19-26-34:1;7-14-17-27-30-34:0,,,0:1;1:1;2:1,2:1
loto,5431,2026-05-28 21:00:00,100,3,0.0,0,18-21-24-27-30-36:0;4-15-17-18-21-36:0;4-17-21-28-29-37:0,,,0:3,0:1
loto,5431,2026-05-28 21:00:00,1000,3,1.0,1,5-10-26-27-31-40:1;10-12-20-21-35-40:1;5-12-27-28-31-40:1,,,1:3,1:2
loto,5431,2026-05-28 21:00:00,250,3,0.6667,1,14-16-23-27-29-34:1;1-14-21-26-34-35:1;1-14-27-30-31-38:0,,,0:1;1:2,0:1;1:1
loto,5431,2026-05-28 21:00:00,50,3,0.0,0,1-12-16-21-28-36:0;1-12-24-29-30-33:0;1-6-27-30-33-36:0,,,0:3,0:1
loto,5431,2026-05-28 21:00:00,500,3,1.0,1,1-3-22-26-27-39:1;3-4-22-31-40-41:1;1-4-31-34-35-40:1,,,1:3,1:1
loto,5431,2026-05-28 21:00:00,all,3,1.3333,2,5-7-14-36-40-41:2;5-7-12-14-28-39:2;7-12-14-25-30-31:0,,,0:1;2:2,
loto,5432,2026-05-31 21:00:00,100,3,1.0,2,8-21-24-34-35-40:2;2-14-25-32-37-38:1;9-18-19-33-36-41:0,,,0:1;1:1;2:1,1:1
loto,5432,2026-05-31 21:00:00,1000,3,1.0,1,11-17-18-32-38-39:1;4-15-24-34-35-40:1;1-14-22-36-37-41:1,,,1:3,
loto,5432,2026-05-31 21:00:00,250,3,0.6667,2,2-7-30-32-33-39:2;15-17-20-35-36-38:0;13-18-19-34-37-41:0,,,0:2;2:1,2:1
loto,5432,2026-05-31 21:00:00,50,3,1.6667,2,13-14-22-32-38-39:2;4-5-8-33-35-37:2;2-7-25-36-40-41:1,,,1:1;2:2,1:1
loto,5432,2026-05-31 21:00:00,500,3,1.0,2,3-5-18-32-36-41:2;2-14-15-35-39-40:1;1-9-11-33-34-38:0,,,0:1;1:1;2:1,1:1
loto,5432,2026-05-31 21:00:00,all,3,1.0,2,7-8-32-33-35-37:2;2-9-29-36-39-40:1;1-14-31-34-38-41:0,,,0:1;1:1;2:1,1:1
loto,5433,2026-06-02 21:00:00,100,3,1.0,1,10-17-19-34-35-40:1;6-12-31-33-37-38:1;2-14-27-32-36-41:1,,,1:3,
loto,5433,2026-06-02 21:00:00,1000,3,1.0,2,3-4-11-34-37-38:2;2-9-25-32-35-40:1;6-8-22-33-36-41:0,,,0:1;1:1;2:1,
loto,5433,2026-06-02 21:00:00,250,3,0.6667,1,13-15-21-33-38-40:1;5-9-27-32-34-39:1;6-8-23-35-36-41:0,,,0:1;1:2,
loto,5433,2026-06-02 21:00:00,50,3,1.3333,3,3-6-20-34-39-40:3;8-11-14-33-35-36:1;2-4-23-32-37-41:0,,,0:1;1:1;3:1,
loto,5433,2026-06-02 21:00:00,500,3,0.6667,1,8-11-29-33-38-39:1;4-10-21-36-40-41:1;2-14-23-32-35-37:0,,,0:1;1:2,1:1
loto,5433,2026-06-02 21:00:00,all,3,1.3333,2,3-6-7-33-37-40:2;5-14-20-32-39-41:1;4-10-11-35-36-38:1,,,1:2;2:1,
loto,5434,2026-06-04 21:00:00,100,500,0.744,3,1-6-9-35-38-41:3;1-10-24-33-40-41:3;1-9-30-32-35-40:3,,,0:204;1:231;2:54;3:11,0:22;1:25;2:3;3:1
loto,5434,2026-06-04 21:00:00,1000,500,0.794,4,1-10-28-35-36-40:4;9-10-26-34-35-39:3;1-10-13-33-35-40:3,,,0:206;1:203;2:80;3:10;4:1,0:30;1:11;2:7;3:1
loto,5434,2026-06-04 21:00:00,250,500,0.83,5,1-9-10-24-32-35:5;1-24-28-35-38-41:4;1-10-11-28-33-35:4,,,0:200;1:202;2:85;3:10;4:2;5:1,0:25;1:21;2:4
loto,5434,2026-06-04 21:00:00,50,500,0.792,3,9-17-24-35-36-41:3;10-21-28-34-35-38:3;9-21-28-33-35-38:3,,,0:195;1:223;2:73;3:9,0:15;1:18;2:6;3:2
loto,5434,2026-06-04 21:00:00,500,500,0.802,4,9-10-28-34-35-38:4;2-10-24-33-35-36:3;1-6-24-32-35-39:3,,,0:206;1:200;2:82;3:11;4:1,0:24;1:13;2:2
loto,5434,2026-06-04 21:00:00,all,500,0.802,4,1-9-22-28-35-39:4;1-9-24-26-35-41:4;4-10-24-34-35-37:3,,,0:194;1:224;2:71;3:9;4:2,0:19;1:26;2:8;4:1
loto,5435,2026-06-07 21:00:00,100,500,0.678,3,1-14-20-33-37-40:3;15-24-29-32-34-40:3;3-15-31-33-39-40:3,,,0:234;1:201;2:57;3:8,0:66;1:55;2:9;3:2
loto,5435,2026-06-07 21:00:00,1000,500,0.786,3,1-14-20-33-40-41:3;11-14-15-34-35-40:3;4-15-31-35-36-40:3,,,0:215;1:190;2:82;3:13,0:63;1:49;2:17;3:1
loto,5435,2026-06-07 21:00:00,250,500,0.764,4,1-14-20-31-37-40:4;1-14-31-34-38-40:3;8-15-31-32-35-40:3,,,0:209;1:214;2:64;3:12;4:1,0:71;1:63;2:10;3:4
loto,5435,2026-06-07 21:00:00,50,500,0.8,3,4-20-24-33-37-40:3;7-15-20-35-40-41:3;2-14-15-35-37-40:3,,,0:194;1:221;2:76;3:9,0:61;1:54;2:17
loto,5435,2026-06-07 21:00:00,500,500,0.758,3,1-15-24-33-35-40:3;14-15-19-35-39-40:3;13-20-31-33-35-40:3,,,0:200;1:228;2:65;3:7,0:58;1:57;2:16;3:1
loto,5435,2026-06-07 21:00:00,all,500,0.718,4,14-15-24-35-40-41:4;2-14-31-33-38-40:3;15-24-27-33-39-40:3,,,0:217;1:215;2:61;3:6;4:1,0:80;1:61;2:16;3:1
loto,5436,2026-06-09 21:00:00,50,500,0.944,4,4-15-26-35-36-41:4;4-13-15-32-35-41:4;4-11-27-32-35-37:3,,,0:158;1:228;2:100;3:12;4:2,0:22;1:25;2:13
loto,5436,2026-06-09 21:00:00,100,500,1.006,4,4-17-18-33-35-41:4;4-11-15-31-36-41:4;4-6-15-32-34-41:3,,,0:143;1:229;2:112;3:14;4:2,0:24;1:21;2:8
loto,5436,2026-06-09 21:00:00,250,500,1.034,4,15-17-28-35-40-41:4;11-16-17-33-35-41:4;11-15-35-38-40-41:4,,,0:146;1:217;2:114;3:20;4:3,0:18;1:25;2:9;3:1
loto,5436,2026-06-09 21:00:00,500,500,1.024,5,2-4-15-17-35-41:5;4-14-17-35-37-40:3;11-12-14-34-35-41:3,,,0:142;1:229;2:106;3:22;5:1,0:25;1:32;2:9;3:2
loto,5436,2026-06-09 21:00:00,1000,500,1.03,3,4-11-20-34-37-41:3;4-11-31-34-40-41:3;4-6-15-35-36-38:3,,,0:137;1:238;2:98;3:27,0:21;1:14;2:9
loto,5436,2026-06-09 21:00:00,all,500,1.0,4,1-15-17-35-40-41:4;4-11-17-30-35-40:4;8-11-14-35-40-41:3,,,0:153;1:213;2:117;3:15;4:2,0:16;1:30;2:10
kino,3238,2026-06-10,50,500,7.876,11,1-2-4-6-10-11-13-14-16-19-20-22-24-25:11;1-2-5-6-8-11-12-13-14-16-18-22-23-25:11;1-2-5-6-9-10-14-16-17-18-19-20-23-25:11,1-2-4-6-7-10-13-14-16-17-19-21-22-25:9;3-4-5-8-9-12-13-15-18-19-20-22-23-24:8;1-3-7-8-10-11-13-14-17-18-20-21-23-24:7,8.1200;8.0000;7.5200;7.7400;7.9400;7.8200;8.0800;7.9600;7.8400;7.7400,5:9;6:54;7:117;8:172;9:113;10:28;11:7,
kino,3238,2026-06-10,100,500,7.818,12,1-2-5-6-10-11-13-14-16-18-20-22-24-25:12;1-2-5-6-8-9-12-14-16-19-20-22-23-25:11;2-5-6-8-9-11-13-14-16-20-22-23-24-25:11,1-2-4-5-8-10-11-13-17-19-20-22-23-25:9;2-5-6-7-8-9-12-14-15-16-18-21-23-24:8;1-3-4-6-7-9-10-14-15-17-18-20-21-25:6,8.1200;7.9200;7.6600;7.7800;7.6600;7.8000;8.1000;7.7800;7.6000;7.7600,5:11;6:55;7:130;8:167;9:102;10:26;11:8;12:1,
kino,3238,2026-06-10,250,500,7.848,11,1-2-5-6-8-10-13-15-16-19-20-22-24-25:11;2-5-6-8-10-13-14-16-17-19-20-22-24-25:11;1-2-3-5-9-10-14-16-18-19-20-22-23-25:11,1-2-5-6-8-10-13-15-16-19-20-22-24-25:11;3-4-6-7-9-11-12-14-17-20-21-23-24-25:6;1-3-4-7-9-10-13-14-16-18-19-22-23-25:9,8.1600;7.8600;7.7000;8.0200;7.6400;7.7400;7.7600;7.9600;7.6800;7.9600,4:1;5:8;6:57;7:125;8:162;9:109;10:32;11:6,
kino,3238,2026-06-10,500,500,7.874,11,1-2-5-6-11-12-14-15-16-18-19-22-24-25:11;1-5-6-7-10-13-14-15-16-18-20-22-23-25:11;1-2-3-6-9-11-13-14-16-18-19-20-22-23:11,1-2-4-6-7-10-11-14-17-18-20-21-24-25:8;1-3-8-9-12-13-14-15-16-18-19-22-23-25:9;2-3-5-6-8-11-13-15-16-18-20-21-23-24:9,8.0200;7.9400;8.0000;7.8800;7.6200;7.8200;7.7400;7.9400;7.8200;7.9600,4:1;5:7;6:52;7:112;8:183;9:116;10:25;11:4,
kino,3238,2026-06-10,1000,500,7.888,11,1-2-5-8-9-14-15-16-18-19-22-23-24-25:11;1-2-5-6-9-11-13-14-15-16-19-20-22-23:11;1-2-6-7-10-12-13-14-18-19-22-23-24-25:11,2-3-5-6-8-9-11-13-14-18-20-22-24-25:10;1-2-4-6-7-10-12-13-15-16-17-22-23-24:8;1-3-4-7-8-11-12-14-15-19-20-22-23-25:7,8.0800;7.5800;8.0000;7.7200;8.0600;7.7600;7.9600;8.2200;7.7600;7.7400,4:1;5:9;6:42;7:125;8:177;9:111;10:32;11:3,
kino,3238,2026-06-10,all,500,7.888,11,1-2-7-10-11-13-14-16-18-19-20-22-23-24:11;1-2-3-6-8-12-13-16-18-19-20-22-23-25:11;1-2-4-5-6-9-11-14-16-19-20-22-24-25:11,1-2-4-7-11-13-15-16-18-19-21-22-24-25:9;3-5-6-8-10-12-13-14-15-17-21-22-23-24:7;1-4-5-7-9-10-12-14-15-19-20-22-23-25:8,7.9200;7.6800;8.0600;8.0000;7.9600;7.8800;8.1000;7.6200;7.8200;7.8400,5:11;6:43;7:146;8:152;9:97;10:41;11:10,
kino,3239,2026-06-12,50,500,7.784,11,2-3-4-5-8-9-10-13-14-17-18-20-23-24:11;1-2-3-4-9-10-12-13-16-17-18-19-21-22:11;2-3-4-7-8-9-13-14-17-18-19-20-23-24:11,1-2-5-7-8-10-12-13-15-16-19-20-24-25:8;1-3-4-9-11-14-16-17-18-20-21-22-23-24:8;1-2-4-6-7-9-11-13-15-18-19-21-22-25:7,7.8000;7.4400;7.9600;7.8800;7.6800;7.6200;7.7600;7.9600;7.5600;8.1800,4:1;5:18;6:57;7:123;8:162;9:98;10:34;11:7,
kino,3239,2026-06-12,100,500,7.908,11,2-3-5-6-8-9-12-13-15-18-19-20-22-24:11;2-4-8-9-10-12-13-14-17-19-20-22-23-25:11;2-4-7-8-9-10-11-13-17-18-19-20-21-22:11,1-2-4-5-7-8-10-13-15-16-18-19-22-23:8;1-3-7-9-10-11-12-14-17-18-20-21-24-25:8;1-2-5-6-8-9-11-13-14-17-20-22-23-25:7,7.7400;8.1000;7.7800;7.9200;7.9000;8.0400;7.9000;7.8600;7.9600;7.8800,5:8;6:52;7:123;8:165;9:107;10:37;11:8,
kino,3239,2026-06-12,250,500,7.896,12,2-3-4-5-6-8-9-10-13-17-19-20-22-24:12;1-3-4-6-8-9-12-13-16-17-19-20-22-24:11;1-2-3-4-7-8-9-11-13-17-19-20-22-24:11,1-4-6-8-9-11-12-14-15-17-18-21-22-25:7;2-3-5-7-8-10-13-14-16-17-19-20-22-23:9;1-2-4-6-7-9-10-12-15-16-18-19-23-24:8,7.8600;8.0000;8.0800;8.0400;7.9400;7.8000;7.8200;7.9800;7.6400;7.8000,4:1;5:10;6:55;7:120;8:157;9:110;10:40;11:6;12:1,
kino,3239,2026-06-12,500,500,7.878,12,3-4-6-7-8-9-12-13-17-18-19-20-22-24:12;2-3-4-5-8-10-12-13-17-19-20-22-23-25:11;3-4-7-8-9-10-12-14-17-18-19-22-23-24:11,1-2-4-5-7-11-13-14-16-18-20-21-23-25:5;2-3-4-6-8-9-12-13-15-19-22-23-24-25:10;1-3-5-6-10-11-12-14-15-17-18-19-21-22:7,7.9600;8.1800;7.7800;7.6400;7.9600;7.9800;7.8600;7.7400;7.8600;7.8200,5:10;6:48;7:137;8:153;9:109;10:37;11:5;12:1,
kino,3239,2026-06-12,1000,500,7.878,11,1-3-4-6-10-12-13-17-18-19-20-21-22-24:11;2-3-4-7-8-9-10-12-17-18-19-21-24-25:11;2-3-4-5-8-9-10-12-15-17-18-21-22-24:11,1-2-4-5-10-11-13-15-16-18-19-22-23-25:7;2-3-6-7-8-9-10-12-14-16-17-20-21-25:8;1-2-4-5-7-8-11-12-14-17-18-21-22-24:8,7.7800;7.6800;7.8800;7.9400;8.0400;7.8600;8.0400;7.8400;7.9800;7.7400,4:2;5:5;6:54;7:136;8:157;9:98;10:36;11:12,
kino,3239,2026-06-12,all,500,7.874,12,3-6-8-9-10-11-12-13-17-18-19-20-22-24:12;2-3-4-5-8-9-10-12-13-16-17-19-22-24:12;1-2-4-9-10-12-13-16-17-18-19-20-22-25:11,1-2-6-7-9-10-14-16-17-19-21-22-24-25:7;3-5-6-8-9-11-13-15-17-18-20-22-23-25:8;2-3-4-7-8-10-12-13-14-15-19-20-23-24:10,7.6200;7.8200;7.7400;7.6600;7.9400;7.9200;8.1400;8.0800;8.1200;7.7000,5:8;6:60;7:117;8:166;9:108;10:35;11:4;12:2,
loto,5437,2026-06-11 21:00:00,50,500,0.874,3,5-8-16-37-40-41:3;2-11-20-34-37-38:3;3-8-26-32-37-39:3,6-11-22-37-39-40:2;9-12-17-33-34-36:0;1-8-23-32-35-41:1,0.9400;0.8200;1.0400;0.8000;0.6600;0.8400;0.8000;1.0400;1.0000;0.8000,0:179;1:218;2:90;3:13,0:14;1:13;2:3;3:2
loto,5437,2026-06-11 21:00:00,100,500,0.938,4,3-8-20-31-37-40:4;3-8-15-20-33-37:4;8-15-20-32-37-41:3,13-16-20-35-36-38:2;3-21-28-33-34-37:2;4-5-14-32-39-40:0,1.0200;1.0400;1.0200;0.9600;0.8400;0.7800;1.2200;0.8000;0.8600;0.8400,0:172;1:212;2:93;3:21;4:2,0:23;1:17;2:7
loto,5437,2026-06-11 21:00:00,250,500,0.822,3,3-8-16-32-35-38:3;3-16-25-32-37-38:3;8-16-19-36-37-41:3,5-13-14-33-34-39:0;2-17-18-36-37-41:1;11-15-21-32-35-40:1,0.8800;0.7400;0.6400;0.9000;0.5800;0.7400;0.8800;0.7600;0.9800;1.1200,0:194;1:212;2:83;3:11,0:23;1:27;2:8;3:1
loto,5437,2026-06-11 21:00:00,500,500,0.85,3,1-11-20-34-37-41:3;3-4-8-34-37-41:3;3-11-16-32-39-40:3,3-13-18-34-37-39:2;2-5-30-35-38-40:0;14-15-23-32-33-41:0,0.9200;0.9000;0.8600;0.5800;0.6200;0.8400;1.0000;0.9000;1.1400;0.7400,0:190;1:209;2:87;3:14,0:26;1:18;2:6;3:1
loto,5437,2026-06-11 21:00:00,1000,500,0.816,4,8-11-20-32-37-40:4;11-13-16-20-32-37:4;7-16-20-34-37-39:3,6-9-14-38-40-41:0;1-12-24-33-35-36:0;3-18-29-32-34-37:2,0.9600;0.9000;0.5600;0.8800;0.6600;0.6800;0.6600;0.8400;1.0200;1.0000,0:196;1:214;2:78;3:10;4:2,0:18;1:21;2:3
loto,5437,2026-06-11 21:00:00,all,500,0.796,4,11-16-19-20-37-38:4;3-16-18-37-39-40:3;8-11-26-35-37-40:3,12-17-30-32-33-37:1;3-5-19-34-40-41:1;8-9-25-36-38-39:1,0.7000;0.7600;1.0200;0.6200;0.7800;0.9800;0.7200;0.8200;0.7400;0.8200,0:198;1:218;2:73;3:10;4:1,0:22;1:34;3:1
kino,3240,2026-06-14,50,500,7.94,12,1-2-3-4-8-11-13-15-16-17-18-20-24-25:12;1-3-4-7-9-11-12-14-17-18-20-22-24-25:11;2-3-4-9-11-12-13-14-17-19-20-21-24-25:11,1-4-5-7-10-12-13-15-16-19-21-22-24-25:7;1-2-6-7-8-9-10-11-13-14-17-18-20-23:8;2-3-5-6-8-9-12-14-15-18-19-22-24-25:7,7.8800;8.0200;7.9400;7.7200;7.9200;8.2200;7.9000;7.9400;7.7400;8.1200,4:1;5:7;6:53;7:131;8:142;9:112;10:43;11:10;12:1,
kino,3240,2026-06-14,100,500,7.93,12,1-2-3-4-9-12-13-14-17-18-19-20-24-25:12;1-2-4-7-9-10-12-13-16-17-20-22-24-25:11;2-3-4-6-9-11-12-13-16-17-20-21-22-25:11,1-2-5-6-8-11-13-14-16-17-19-22-23-25:7;1-3-4-6-7-9-10-12-13-15-18-21-24-25:9;2-4-5-9-10-12-14-15-16-17-19-20-21-24:8,8.1400;7.9400;7.7600;7.6400;8.2000;8.0000;7.9800;7.7600;7.8400;8.0400,4:2;5:11;6:49;7:111;8:163;9:121;10:36;11:6;12:1,
kino,3240,2026-06-14,250,500,7.918,11,1-3-4-7-9-11-12-14-16-17-20-21-24-25:11;1-2-3-4-6-9-11-12-14-18-20-21-24-25:11;1-2-3-4-8-11-13-15-16-17-18-20-21-24:11,1-2-4-6-8-10-11-14-15-17-20-21-24-25:8;2-3-5-7-9-12-13-15-16-18-19-22-23-24:8;3-4-5-6-10-11-12-13-17-19-20-21-22-23:7,8.1400;7.9800;7.7000;7.9000;7.8400;7.8400;8.1400;7.8800;8.0000;7.7600,4:1;5:18;6:48;7:107;8:169;9:103;10:45;11:9,
kino,3240,2026-06-14,500,500,7.98,12,1-3-4-7-11-12-13-14-16-17-18-20-24-25:12;1-3-4-6-7-9-11-13-17-18-20-22-24-25:11;2-3-4-5-7-8-9-12-13-16-17-20-24-25:11,3-4-6-7-9-10-12-13-16-17-20-22-23-25:9;1-2-5-8-11-13-15-17-18-19-20-21-22-24:8;2-3-6-8-9-11-12-14-16-18-19-21-23-25:8,8.3600;7.6800;7.9200;7.7200;7.8600;7.9800;7.7600;8.2000;8.2200;8.1000,5:11;6:56;7:94;8:168;9:122;10:41;11:7;12:1,
kino,3240,2026-06-14,1000,500,7.954,11,1-3-4-6-7-9-10-12-13-17-18-20-24-25:11;1-3-4-7-9-11-13-14-16-17-19-20-24-25:11;1-3-5-9-10-11-12-13-14-16-17-18-20-24:11,1-2-4-5-7-12-13-15-17-18-21-22-24-25:9;1-3-5-6-8-9-11-14-16-19-20-22-23-25:7;2-4-7-8-9-10-11-13-14-18-19-20-21-22:7,7.9400;7.7400;7.9400;7.9800;8.2000;7.7200;8.0200;8.2200;7.7600;8.0200,4:1;5:10;6:54;7:113;8:159;9:106;10:45;11:12,
kino,3240,2026-06-14,all,500,7.83,11,1-3-4-6-9-10-12-13-16-18-19-20-24-25:11;1-3-4-7-8-9-12-13-16-17-18-19-24-25:11;1-3-4-6-9-12-13-16-17-20-22-23-24-25:11,1-2-4-7-8-10-11-13-17-18-20-21-23-25:9;3-5-6-9-10-11-12-15-16-19-20-22-24-25:8;1-4-5-6-7-8-10-13-14-15-16-18-19-24:6,8.1200;8.1000;7.6600;7.8800;7.9800;7.7600;7.4000;7.8800;7.8400;7.6800,4:4;5:12;6:50;7:125;8:165;9:102;10:36;11:6,
loto,5438,2026-06-14 21:00:00,50,500,1.026,4,5-12-23-32-38-41:4;10-11-23-38-40-41:4;5-20-23-24-38-41:4,1-17-26-32-36-40:0;3-13-24-33-34-37:0;5-8-22-35-38-41:3,1.0400;1.0200;0.9600;0.8400;1.2000;1.1600;0.9000;1.0000;1.0600;1.0800,0:148;1:223;2:100;3:26;4:3,0:54;1:65;2:15;3:6;4:1
loto,5438,2026-06-14 21:00:00,100,500,0.952,4,5-6-14-32-38-41:4;5-14-30-35-38-41:4;5-10-27-32-33-41:3,7-12-21-35-36-41:1;2-9-10-37-38-40:2;13-16-20-32-33-39:0,1.1200;1.0200;0.7200;1.2600;1.0000;0.9800;0.8200;0.9000;0.8600;0.8400,0:166;1:221;2:86;3:25;4:2,0:59;1:61;2:19;3:4;4:1
loto,5438,2026-06-14 21:00:00,250,500,1.02,4,5-14-27-38-40-41:4;14-21-23-36-38-41:4;10-14-19-32-33-38:3,6-9-18-32-34-39:0;3-8-26-33-36-37:0;1-15-24-35-40-41:1,0.9800;0.9600;0.9000;1.2800;1.2000;1.0200;1.1200;0.8400;1.0600;0.8400,0:146;1:216;2:122;3:14;4:2,0:49;1:70;2:28;3:5
loto,5438,2026-06-14 21:00:00,500,500,0.978,3,1-14-23-36-40-41:3;5-10-28-36-38-39:3;5-14-22-34-35-41:3,7-9-10-33-37-40:1;1-8-19-32-36-41:1;2-13-28-35-38-39:1,1.2200;0.9000;0.9000;0.9400;0.9000;1.0600;0.9600;1.0800;0.9600;0.8600,0:160;1:214;2:103;3:23,0:55;1:64;2:20;3:1
loto,5438,2026-06-14 21:00:00,1000,500,1.024,4,5-10-14-35-39-41:4;5-8-10-34-38-41:4;10-23-26-35-38-41:4,12-15-17-32-33-36:0;11-14-19-37-39-40:1;7-9-21-34-35-38:1,1.0400;0.8400;1.0400;1.0600;1.0600;1.2000;1.0800;0.9000;0.9400;1.0800,0:159;1:205;2:105;3:27;4:4,0:62;1:64;2:21;3:5
loto,5438,2026-06-14 21:00:00,all,500,0.972,4,5-10-15-26-38-41:4;9-14-17-36-38-41:3;5-14-26-34-35-38:3,10-12-23-32-33-40:2;5-9-24-35-36-38:2;8-18-22-34-37-39:0,1.1800;0.9600;1.1400;1.0400;0.9200;1.0000;0.8400;0.8000;0.9000;0.9400,0:155;1:227;2:96;3:21;4:1,0:48;1:60;2:25;3:4
loto,5439,2026-06-16 21:00:00,50,500,1.126,4,2-10-31-33-36-40:4;2-10-35-36-40-41:4;4-10-12-36-37-40:4,1-2-14-33-35-40:2;9-15-18-36-39-41:1;3-13-17-32-37-38:1,1.2200;1.0400;1.2200;1.4200;1.2600;1.0400;1.1200;1.0000;0.9000;1.0400,0:112;1:241;2:122;3:22;4:3,0:43;1:59;2:19;3:3;4:1
loto,5439,2026-06-16 21:00:00,100,500,1.11,4,2-10-18-36-37-39:4;2-6-26-34-37-40:4;7-10-11-35-37-40:3,12-13-19-36-38-41:1;2-17-21-33-34-39:1;7-10-11-35-37-40:3,1.2000;1.3000;1.3800;1.2200;1.0000;1.2800;1.1400;0.7800;0.9200;0.8800,0:118;1:234;2:125;3:21;4:2,0:42;1:63;2:22;3:4
loto,5439,2026-06-16 21:00:00,250,500,1.198,4,2-6-33-35-37-40:4;1-2-10-34-36-40:4;6-10-18-21-36-37:4,1-4-9-34-35-38:0;3-5-8-36-40-41:2;18-22-25-32-33-37:1,1.2800;1.5000;1.3200;1.0800;1.0400;1.2800;1.3000;0.9200;1.1200;1.1400,0:106;1:235;2:117;3:38;4:4,0:42;1:54;2:23;3:5;4:1
loto,5439,2026-06-16 21:00:00,500,500,1.112,4,2-6-31-36-37-39:4;5-10-28-36-37-40:4;2-6-15-37-40-41:4,5-20-30-32-34-35:0;2-12-25-37-40-41:3;1-4-31-33-36-39:1,1.1000;1.3400;1.3200;0.9800;0.9600;1.4200;1.1000;0.9400;0.9400;1.0200,0:123;1:230;2:119;3:24;4:4,0:42;1:52;2:24;3:4
loto,5439,2026-06-16 21:00:00,1000,500,1.162,4,6-9-15-36-37-40:4;2-6-33-36-39-40:4;6-9-10-37-39-40:4,7-10-15-37-38-40:3;6-8-26-32-35-41:1;1-14-31-34-36-39:1,1.2800;1.4400;1.5000;1.1600;1.1400;1.1200;1.0200;0.8800;1.1000;0.9800,0:110;1:231;2:130;3:26;4:3,0:38;1:73;2:34;3:6
loto,5439,2026-06-16 21:00:00,all,500,1.156,4,2-3-17-36-37-40:4;6-10-12-33-37-40:4;1-6-21-32-36-37:3,7-10-18-34-37-41:2;2-8-13-32-33-40:2;4-6-17-36-38-39:2,1.5600;1.0200;1.2800;1.0400;1.2200;1.2200;1.0000;0.9600;1.2600;1.0000,0:107;1:238;2:127;3:26;4:2,0:42;1:80;2:22;3:6
kino,3241,2026-06-17,50,500,7.794,12,1-3-6-7-9-10-11-14-15-16-20-21-22-23:12;3-5-6-7-8-9-11-14-15-16-17-20-21-22:12;3-5-6-7-8-9-12-14-16-18-21-22-23-24:11,2-3-5-6-8-9-11-12-15-17-18-22-24-25:8;1-4-7-9-10-11-13-14-16-20-21-22-23-24:10;1-2-4-5-7-8-10-14-15-18-19-21-23-25:6,7.5800;8.2400;7.8200;7.8600;7.9200;7.8800;7.5400;7.8200;7.6400;7.6400,4:1;5:8;6:60;7:130;8:172;9:94;10:26;11:7;12:2,
kino,3241,2026-06-17,100,500,7.784,12,4-5-6-7-9-11-14-15-16-17-21-22-23-24:12;3-6-7-8-9-10-11-13-14-15-20-22-23-24:11;1-2-5-6-8-11-14-15-16-20-21-22-23-24:11,1-2-4-6-8-9-11-12-14-15-17-20-21-25:7;3-5-7-8-9-10-11-13-16-17-18-22-23-24:9;1-3-4-6-7-9-10-12-13-15-16-19-22-25:7,7.8600;7.7600;7.6600;7.3000;7.8600;7.7400;8.2400;7.7200;7.5400;8.1600,4:4;5:14;6:59;7:132;8:152;9:86;10:46;11:6;12:1,
kino,3241,2026-06-17,250,500,7.712,12,3-5-6-7-10-11-14-15-16-20-21-22-24-25:12;3-4-6-7-9-10-11-14-15-16-20-22-24-25:11;2-3-6-7-9-11-14-15-18-19-20-21-22-23:11,1-3-4-7-9-10-12-14-15-18-19-22-23-25:7;2-3-5-6-8-9-13-14-16-17-18-19-20-24:8;1-5-6-7-10-11-12-13-16-17-21-22-23-24:9,7.4800;7.5200;7.3000;7.7000;8.0600;7.8600;7.6200;7.5800;7.9600;8.0400,4:2;5:15;6:64;7:143;8:144;9:93;10:31;11:7;12:1,
kino,3241,2026-06-17,500,500,7.804,11,3-4-5-8-11-14-15-16-17-20-21-22-23-24:11;2-3-5-9-11-12-14-15-16-18-21-22-23-24:11;3-4-5-6-7-9-11-14-18-19-20-21-22-24:11,1-2-4-6-7-9-10-12-13-16-17-21-23-25:6;1-3-5-7-11-12-14-15-18-19-20-22-23-24:10;1-3-5-6-8-10-11-13-14-16-17-22-24-25:8,7.7400;7.7400;7.8000;7.9800;7.5200;7.8000;8.2400;7.6600;7.7800;7.7800,4:1;5:14;6:70;7:113;8:152;9:108;10:33;11:9,
kino,3241,2026-06-17,1000,500,7.844,12,2-3-4-5-7-11-14-15-16-20-21-22-23-24:12;3-4-5-6-7-9-12-14-15-16-21-23-24-25:11;3-5-6-9-11-12-14-15-16-17-22-23-24-25:11,1-2-5-6-8-10-11-13-14-16-17-19-20-24:7;3-4-6-7-9-12-14-16-18-21-22-23-24-25:10;1-2-4-7-8-10-13-15-18-19-21-22-24-25:5,7.5000;7.7600;8.1200;7.9800;7.8600;7.8200;7.8600;7.5600;8.1600;7.8200,4:1;5:20;6:53;7:132;8:142;9:91;10:51;11:9;12:1,
kino,3241,2026-06-17,all,500,7.82,12,3-5-6-7-8-9-11-14-15-16-19-20-21-24:12;3-4-5-6-7-9-10-14-15-17-20-21-23-24:11;2-3-5-6-9-11-14-15-16-17-18-20-23-24:11,3-4-6-7-9-13-14-16-18-19-21-22-24-25:9;1-2-4-5-8-11-12-15-17-18-20-21-23-25:6;1-2-3-7-10-11-12-14-15-16-18-19-22-23:8,7.6000;7.7800;7.5800;7.9200;7.6200;7.8000;7.8400;8.1000;7.6000;8.3600,4:1;5:11;6:66;7:126;8:153;9:93;10:39;11:10;12:1,
loto,5440,2026-06-18 21:00:00,50,500,0.84,3,7-19-24-32-35-38:3;2-17-22-32-33-38:3;7-24-25-33-37-38:3,8-10-18-33-38-41:1;1-3-28-32-36-40:0;12-16-19-35-37-39:1,0.8400;0.6400;0.6800;0.8000;0.8800;1.0800;0.9000;0.8400;0.8400;0.9000,0:186;1:227;2:68;3:19,0:26;1:29;2:12;3:3
loto,5440,2026-06-18 21:00:00,100,500,0.792,3,7-15-24-33-37-38:3;10-17-22-32-33-38:3;10-19-24-33-34-37:3,7-15-24-33-37-38:3;3-21-22-32-34-41:1;6-25-28-35-39-40:0,0.7200;0.8400;0.8600;0.7800;0.9200;0.6800;0.6600;0.8600;0.7200;0.8800,0:200;1:215;2:74;3:11,0:42;1:23;2:5
loto,5440,2026-06-18 21:00:00,250,500,0.808,4,7-19-24-32-33-37:4;7-22-26-33-36-39:3;7-22-25-33-39-40:3,1-9-22-34-36-41:1;4-12-20-33-35-37:1;5-23-27-32-38-40:0,0.7800;0.6600;0.7800;0.8000;0.7800;1.1000;0.9200;0.8400;0.6200;0.8000,0:203;1:201;2:86;3:9;4:1,0:24;1:17;2:7
loto,5440,2026-06-18 21:00:00,500,500,0.818,4,6-17-19-24-33-40:4;7-17-19-32-36-40:3;9-19-24-33-36-39:3,1-14-15-32-36-38:0;5-10-30-35-39-40:0;8-18-19-33-37-41:2,0.6400;0.8200;0.8000;0.9000;0.8600;0.8400;0.8000;0.7400;0.9200;0.8600,0:202;1:205;2:76;3:16;4:1,0:29;1:27;2:8;3:1;4:1
loto,5440,2026-06-18 21:00:00,1000,500,0.842,4,11-17-22-24-33-40:4;7-17-24-30-33-35:4;9-22-24-32-33-37:3,7-10-14-33-35-41:2;1-19-30-36-37-39:1;11-24-29-34-38-40:1,0.7200;0.8200;0.7200;0.7600;0.7400;0.9400;1.0400;0.8800;1.0600;0.7400,0:191;1:214;2:80;3:13;4:2,0:26;1:29;2:10;3:1
loto,5440,2026-06-18 21:00:00,all,500,0.79,4,7-10-17-24-33-37:4;7-17-19-32-36-39:3;4-7-17-33-38-39:3,11-12-17-34-36-39:1;5-21-28-33-35-38:1;1-14-26-32-37-41:0,0.8600;1.0000;0.8200;0.8000;0.7400;0.7400;0.7200;0.7800;0.8400;0.6000,0:202;1:213;2:74;3:10;4:1,0:22;1:26;2:6
kino,3242,2026-06-19,50,500,7.726,11,1-5-6-7-8-10-11-14-15-19-21-22-23-24:11;1-3-4-5-6-7-8-10-13-18-20-21-22-23:11;3-4-5-8-10-11-12-15-18-19-20-21-22-23:11,1-2-5-6-8-10-11-13-15-16-19-20-23-25:8;3-4-7-8-9-10-12-16-17-18-21-22-24-25:7;2-3-5-6-9-10-13-14-17-18-20-21-23-24:8,7.5000;7.6800;7.7600;7.7600;7.5400;7.7600;7.9200;7.7600;7.6800;7.9000,4:2;5:9;6:73;7:144;8:132;9:96;10:40;11:4,
kino,3242,2026-06-19,100,500,7.776,12,1-4-5-7-8-10-12-14-15-18-19-21-22-23:12;3-5-6-7-8-10-13-14-15-16-20-21-22-23:11;2-3-5-7-8-14-15-16-18-19-20-21-22-24:11,1-2-4-5-7-8-11-14-16-18-19-22-23-25:9;1-3-6-9-10-12-13-15-16-18-20-21-23-24:8;1-2-4-6-7-9-10-12-14-17-21-22-24-25:6,7.9400;7.8400;7.9200;7.5200;7.6800;7.7400;8.0600;7.5200;7.8600;7.6800,4:3;5:11;6:60;7:124;8:168;9:100;10:26;11:7;12:1,
kino,3242,2026-06-19,250,500,7.858,11,1-3-5-7-8-10-11-14-16-18-20-21-23-25:11;2-3-5-8-10-13-14-15-18-19-20-21-23-25:11;1-3-5-6-9-10-13-14-18-19-20-21-22-23:11,1-2-6-7-11-12-14-15-17-18-20-21-24-25:7;2-3-4-7-8-9-10-13-16-17-19-20-22-23:8;1-3-4-6-8-9-12-13-15-18-19-22-24-25:7,8.0600;7.9200;7.7600;8.0800;7.7800;7.8400;7.9400;7.8000;7.6800;7.7200,5:10;6:48;7:137;8:170;9:87;10:39;11:9,
kino,3242,2026-06-19,500,500,7.852,12,1-4-5-7-10-14-15-16-18-19-20-21-22-23:12;1-3-7-8-9-10-13-14-15-18-19-20-21-24:11;1-5-6-7-8-10-12-14-15-18-20-22-23-25:11,1-2-5-7-8-10-12-13-15-16-18-22-24-25:8;2-3-6-8-9-11-13-14-16-17-19-20-23-24:6;3-4-6-7-9-10-11-14-15-17-18-21-22-25:8,7.7000;8.0200;7.4400;7.7600;7.6400;8.2200;7.9200;8.0000;7.9800;7.8400,4:1;5:11;6:60;7:121;8:155;9:106;10:41;11:4;12:1,
kino,3242,2026-06-19,1000,500,7.74,12,1-3-5-6-7-8-10-14-16-18-19-20-22-23:12;1-2-3-7-8-10-12-13-14-18-19-20-21-22:11;1-2-6-7-8-10-14-15-17-18-19-20-22-23:11,1-2-7-8-10-12-14-15-17-19-21-22-24-25:9;3-4-5-6-9-10-11-14-16-18-19-20-21-25:8;1-2-5-7-9-10-12-13-15-16-18-20-23-24:8,7.8200;7.8400;7.8400;7.6200;7.6600;7.5000;7.8000;7.8200;7.7400;7.7600,5:12;6:62;7:138;8:160;9:98;10:21;11:8;12:1,
kino,3242,2026-06-19,all,500,7.826,12,1-2-3-5-8-10-13-14-15-18-19-20-21-23:12;1-5-7-8-10-11-14-15-18-19-21-22-24-25:11;1-3-5-7-8-10-13-14-17-18-20-22-23-25:11,1-3-4-6-7-9-10-13-15-16-18-19-22-23:9;1-2-5-8-10-11-12-14-15-18-20-21-24-25:9;1-2-4-6-9-11-12-14-16-17-19-20-23-25:5,7.8000;7.6800;7.9200;7.9400;7.8600;7.7000;7.7200;8.0200;7.6000;8.0200,5:18;6:59;7:116;8:161;9:106;10:26;11:13;12:1,
loto,5441,2026-06-21 21:00:00,50,500,0.642,3,13-17-21-32-38-40:3;15-18-21-32-37-40:3;15-18-21-22-38-40:3,9-11-14-32-37-39:0;4-15-23-35-38-40:1;1-6-17-33-34-41:1,0.4600;0.4600;0.5200;0.6400;0.6600;0.5400;0.8600;0.7400;0.9000;0.6400,0:235;1:214;2:46;3:5,0:37;1:34;2:4
loto,5441,2026-06-21 21:00:00,100,500,0.614,3,13-18-21-22-37-41:3;13-15-16-31-35-40:3;8-13-18-31-36-37:3,2-14-15-32-35-39:1;5-10-16-36-37-40:0;8-11-17-34-38-41:1,0.5200;0.4000;0.4400;0.5000;0.6400;0.7800;0.6800;0.7600;0.7400;0.6800,0:252;1:192;2:53;3:3,0:36;1:25;2:5
loto,5441,2026-06-21 21:00:00,250,500,0.638,4,17-18-21-31-36-38:4;15-18-21-34-35-40:3;13-17-21-32-35-39:3,9-17-18-32-34-38:2;2-7-11-35-36-40:0;5-12-22-33-39-41:0,0.3600;0.5000;0.5600;0.5400;0.6800;0.7600;0.7400;0.6000;0.7800;0.8600,0:248;1:194;2:50;3:7;4:1,0:34;1:17;2:2;3:1
loto,5441,2026-06-21 21:00:00,500,500,0.604,3,13-15-18-32-37-40:3;15-18-31-34-38-40:3;5-18-21-31-34-41:3,2-12-26-33-36-41:0;10-16-19-32-34-37:0;8-17-21-35-38-40:2,0.4600;0.5000;0.5400;0.4200;0.5800;0.6400;0.6600;0.7800;0.6600;0.8000,0:257;1:189;2:49;3:5,0:35;1:22;2:4
loto,5441,2026-06-21 21:00:00,1000,500,0.586,3,18-21-31-36-37-39:3;13-16-21-31-39-40:3;14-17-18-31-32-39:3,2-13-17-34-40-41:2;4-12-29-33-37-38:0;3-24-27-32-36-39:0,0.4800;0.4600;0.4400;0.6600;0.3600;0.4400;0.8200;0.7200;0.8400;0.6400,0:258;1:197;2:39;3:6,0:33;1:18;2:4
loto,5441,2026-06-21 21:00:00,all,500,0.644,3,13-18-21-36-39-40:3;15-17-31-33-36-40:3;17-18-21-25-34-38:3,2-3-10-34-36-37:0;5-11-32-35-38-39:0;6-8-27-33-40-41:0,0.4800;0.6800;0.6800;0.5400;0.6800;0.6800;0.4800;0.7600;0.7800;0.6800,0:238;1:205;2:54;3:3,0:34;1:13;2:4
kino,3243,2026-06-21,50,500,7.956,11,1-2-5-6-8-11-12-14-16-17-19-22-23-25:11;1-5-6-8-10-11-12-13-16-18-21-23-24-25:11;1-2-4-6-7-8-10-11-14-17-18-19-24-25:11,1-2-4-5-7-8-10-12-13-15-16-20-22-23:7;3-4-5-6-9-11-14-15-17-18-19-22-24-25:7;1-3-5-7-9-11-12-14-16-18-20-21-23-24:8,8.0800;7.8200;8.1600;7.9800;7.9800;8.0200;8.1000;7.7600;7.9000;7.7600,5:9;6:44;7:132;8:152;9:111;10:42;11:10,
kino,3243,2026-06-21,100,500,7.956,12,1-3-5-6-8-11-12-14-16-17-18-23-24-25:12;1-2-5-6-8-10-11-13-14-17-18-20-23-25:11;1-2-5-6-8-10-12-14-15-17-18-21-24-25:11,1-3-4-6-7-10-12-13-16-18-19-22-24-25:8;1-2-5-8-11-12-14-15-16-17-19-20-21-23:9;1-3-5-6-8-9-11-14-17-18-21-22-24-25:9,8.2400;8.0000;7.7000;8.0200;7.9200;7.8600;7.9800;7.9000;8.0200;7.9200,5:8;6:54;7:113;8:164;9:107;10:47;11:6;12:1,
kino,3243,2026-06-21,250,500,7.95,12,1-2-3-6-8-11-14-15-16-17-18-23-24-25:12;1-2-6-8-9-11-12-14-16-17-19-20-23-24:11;1-2-5-6-10-11-12-16-17-21-22-23-24-25:11,1-2-4-6-8-9-12-14-15-18-19-21-24-25:9;3-4-5-7-10-11-13-15-16-17-18-22-23-24:7;2-3-5-8-10-11-12-13-14-16-20-21-22-25:8,8.0600;8.0000;8.0800;7.9600;8.0200;8.0000;7.8800;8.0400;7.8800;7.5800,5:5;6:48;7:134;8:153;9:112;10:37;11:10;12:1,
kino,3243,2026-06-21,500,500,7.98,11,1-3-6-8-10-11-12-13-14-16-17-22-23-24:11;1-6-8-9-10-11-12-14-16-17-18-19-21-24:11;1-2-3-6-8-11-12-14-16-17-20-21-23-25:11,1-3-4-6-9-10-12-16-17-19-20-22-24-25:8;2-4-7-8-10-11-13-14-15-17-18-21-22-23:8;1-2-5-6-9-11-12-14-15-18-20-21-23-24:9,7.8200;7.8000;7.8400;7.7800;8.1200;7.8600;8.0400;8.0000;8.2400;8.3000,4:1;5:9;6:40;7:119;8:164;9:119;10:43;11:5,
kino,3243,2026-06-21,1000,500,8.028,12,1-2-6-8-9-10-11-12-14-16-17-18-21-23:12;2-3-5-6-10-11-12-13-16-17-18-23-24-25:11;1-2-3-4-8-10-12-15-16-17-18-23-24-25:11,1-2-4-5-7-9-12-13-16-17-19-20-22-25:6;3-4-6-8-10-11-14-15-17-18-21-22-23-25:9;2-4-5-7-8-10-12-13-15-18-20-21-23-24:7,8.0200;8.0600;7.8400;7.7000;7.9400;8.3800;8.2400;8.0200;8.1000;7.9800,5:8;6:31;7:124;8:167;9:124;10:39;11:6;12:1,
kino,3243,2026-06-21,all,500,8.018,12,1-2-6-8-10-11-12-14-15-17-19-23-24-25:12;2-3-6-8-10-11-12-15-16-17-18-23-24-25:12;1-2-5-6-7-8-10-11-12-14-16-19-23-25:11,1-2-4-5-7-8-10-15-18-19-21-22-24-25:7;1-3-4-6-8-9-11-13-14-16-19-20-23-24:8;2-5-6-9-10-11-12-14-16-17-18-20-21-25:10,8.1800;8.0200;8.2600;8.0000;7.9800;8.0600;8.2400;7.8200;7.7800;7.8400,5:5;6:48;7:118;8:161;9:110;10:48;11:8;12:2,
loto,5442,2026-06-23 21:00:00,50,500,0.868,3,5-21-26-33-34-38:3;13-21-26-32-33-35:3;12-18-23-33-36-40:3,4-18-23-34-35-41:2;1-7-10-32-38-40:0;2-8-14-36-37-39:0,0.6200;0.8400;0.8000;0.8600;1.1200;0.9600;0.9600;0.8000;0.7800;0.9400,0:187;1:210;2:85;3:18,0:51;1:58;2:22;3:4
loto,5442,2026-06-23 21:00:00,100,500,0.766,4,11-14-18-21-33-38:4;10-11-26-33-35-40:3;8-18-23-33-34-41:3,4-13-21-32-38-41:1;6-14-18-36-37-39:1;10-11-26-33-35-40:3,0.7800;0.5800;0.6400;0.9000;0.9000;0.6400;0.7600;0.6400;0.8800;0.9400,0:205;1:223;2:57;3:14;4:1,0:72;1:69;2:22;3:3
loto,5442,2026-06-23 21:00:00,250,500,0.698,4,11-18-26-32-33-39:4;11-23-26-33-35-36:4;11-16-21-26-33-34:4,1-2-19-36-38-39:0;4-16-28-32-37-41:0;3-5-11-34-35-40:1,0.6800;0.5600;0.7400;0.7600;0.5200;0.5600;0.5200;0.9600;1.0000;0.6800,0:232;1:201;2:56;3:8;4:3,0:72;1:52;2:17;3:1;4:1
loto,5442,2026-06-23 21:00:00,500,500,0.788,4,11-18-21-33-34-39:4;11-17-18-23-33-34:4;11-19-21-33-38-40:3,2-9-20-35-36-39:0;10-13-25-32-34-38:0;8-21-22-37-40-41:1,0.7600;0.6400;0.6600;1.0400;0.8800;0.6200;0.9400;0.8800;0.8600;0.6000,0:207;1:207;2:73;3:11;4:2,0:59;1:52;2:19;3:1
loto,5442,2026-06-23 21:00:00,1000,500,0.758,4,11-18-26-33-34-37:4;2-18-23-32-33-38:3;11-21-22-33-36-39:3,7-10-23-32-33-35:2;3-13-25-34-40-41:0;1-2-17-36-38-39:0,0.7400;0.7400;0.7400;0.7200;0.4400;0.9400;0.8600;0.8200;0.8600;0.7200,0:220;1:194;2:74;3:11;4:1,0:63;1:55;2:19;3:3
loto,5442,2026-06-23 21:00:00,all,500,0.784,4,11-18-21-33-34-41:4;11-18-28-32-33-35:3;11-15-21-32-33-40:3,5-7-22-32-38-41:0;10-14-15-33-35-39:1;2-17-25-34-36-37:0,0.6400;0.8800;0.9400;0.7200;0.9000;0.8600;0.7600;0.7200;0.6600;0.7600,0:205;1:209;2:76;3:9;4:1,0:71;1:50;2:17;3:2
kino,3244,2026-06-24,50,500,7.684,12,3-5-7-8-9-11-14-15-16-17-18-20-23-24:12;2-4-5-6-7-9-11-15-16-17-20-22-23-25:11;3-5-6-9-10-11-13-14-16-17-19-20-23-24:11,1-2-4-5-8-9-12-13-16-17-19-22-24-25:6;1-3-5-6-7-10-14-15-16-18-20-21-23-24:10;1-3-4-6-8-9-11-12-14-18-19-21-23-25:7,7.2400;7.8600;7.7200;7.6800;7.4400;7.9000;7.8200;7.6000;7.7800;7.8000,4:3;5:24;6:60;7:147;8:126;9:93;10:42;11:4;12:1,
kino,3244,2026-06-24,100,500,7.804,12,2-3-4-5-6-9-11-14-15-16-17-20-23-24:12;3-5-7-8-10-11-12-14-15-16-17-20-24-25:11;1-5-6-7-9-11-12-13-14-15-16-20-23-24:11,1-2-4-5-7-8-11-12-14-16-19-20-24-25:8;2-3-4-6-9-10-13-15-17-18-19-21-23-24:7;1-4-6-7-10-11-14-15-17-18-20-22-23-25:9,7.7600;8.0600;7.8600;7.7000;7.6800;8.0800;7.5800;7.8600;7.7800;7.6800,5:15;6:66;7:119;8:154;9:103;10:35;11:7;12:1,
kino,3244,2026-06-24,250,500,7.7,12,1-3-5-6-7-9-14-15-16-17-18-20-24-25:12;2-3-4-5-6-7-11-14-15-16-17-18-20-24:11;3-4-6-7-9-12-14-15-17-18-20-21-24-25:10,1-2-4-5-7-8-10-12-15-17-18-20-21-25:6;1-3-6-8-9-10-13-14-16-19-22-23-24-25:8;1-2-4-6-7-9-11-12-14-16-18-21-22-24:7,7.4400;7.5800;7.7800;7.4600;7.7600;7.8200;7.7800;7.9000;7.9200;7.5600,4:2;5:7;6:63;7:147;8:163;9:87;10:29;11:1;12:1,
kino,3244,2026-06-24,500,500,7.712,11,2-3-6-7-9-11-12-14-15-17-20-22-24-25:11;1-3-4-5-6-9-10-11-14-15-16-20-23-24:11;3-5-6-7-12-13-14-15-16-17-19-20-23-24:11,2-4-6-7-9-10-12-13-16-17-19-20-23-24:8;1-2-3-5-8-10-11-14-15-16-19-21-22-25:7;2-3-5-6-8-9-11-12-14-15-17-18-23-24:10,7.5400;7.7200;7.6200;7.9600;7.8800;7.4600;7.7200;7.8200;7.6400;7.7600,4:3;5:18;6:64;7:126;8:157;9:96;10:28;11:8,
kino,3244,2026-06-24,1000,500,7.774,11,2-5-6-7-11-12-14-15-16-17-18-20-23-25:11;3-6-7-9-10-11-13-14-16-17-18-23-24-25:11;4-5-6-7-11-13-14-15-17-18-20-23-24-25:11,1-3-4-6-7-10-12-13-15-16-19-21-24-25:7;2-4-5-8-9-11-12-14-15-17-18-20-22-23:8;1-2-5-6-8-10-11-13-14-16-18-21-22-25:6,7.5400;7.7800;7.7800;8.0200;7.4600;7.8200;8.3200;7.7000;7.6800;7.6400,4:1;5:14;6:57;7:126;8:169;9:100;10:26;11:7,
kino,3244,2026-06-24,all,500,7.778,11,2-4-5-6-7-11-14-16-17-18-20-23-24-25:11;2-3-5-6-7-11-13-14-16-17-18-23-24-25:11;2-3-4-6-7-9-11-12-14-15-17-23-24-25:11,2-4-5-8-9-11-12-15-16-18-20-21-23-24:8;1-2-3-4-6-10-11-13-14-17-19-22-23-25:7;1-3-5-6-10-12-13-15-16-18-21-22-24-25:7,7.6200;7.8200;7.6600;7.8400;7.6200;8.0600;7.8600;7.5800;7.9400;7.7800,4:6;5:17;6:43;7:134;8:163;9:97;10:33;11:7,
loto,5443,2026-06-25 21:00:00,50,500,0.898,4,7-8-18-20-35-39:4;7-11-20-32-34-41:3;7-8-19-35-40-41:3,3-10-27-34-37-41:0;4-6-23-33-36-39:0;7-18-22-32-35-40:2,0.7600;1.0200;0.9000;0.9000;0.8200;0.8400;0.7000;1.0400;1.0600;0.9400,0:181;1:208;2:93;3:17;4:1,0:28;1:34;2:6;3:1
loto,5443,2026-06-25 21:00:00,100,500,0.866,3,8-11-28-32-35-36:3;4-7-8-34-35-40:3;11-19-20-33-35-40:3,1-4-6-38-39-41:0;8-16-19-33-34-40:1;14-15-24-32-35-36:1,0.9400;0.8600;1.1200;0.5600;0.8000;0.7400;0.8400;0.7400;1.0200;1.0400,0:190;1:203;2:91;3:16,0:33;1:17;2:9;3:1
loto,5443,2026-06-25 21:00:00,250,500,0.876,4,7-8-20-35-36-40:4;8-13-20-21-35-36:4;7-8-25-33-35-36:3,1-10-27-37-40-41:0;7-8-25-33-35-36:3;4-6-31-34-38-39:0,1.1200;1.0200;0.9400;0.5400;0.6600;0.9600;0.8200;0.8800;0.7600;1.0600,0:180;1:217;2:90;3:11;4:2,0:29;1:29;2:8
loto,5443,2026-06-25 21:00:00,500,500,0.838,3,8-20-25-33-35-38:3;7-10-11-35-40-41:3;6-8-11-35-38-41:3,2-5-29-32-34-37:0;6-11-25-33-35-36:2;7-18-27-38-40-41:1,0.9000;0.8800;1.0000;0.6600;0.7200;0.7000;0.9200;0.8600;0.8000;0.9400,0:193;1:210;2:82;3:15,0:26;1:24;2:4
loto,5443,2026-06-25 21:00:00,1000,500,0.852,4,7-13-20-35-36-39:4;7-8-11-34-38-39:3;7-13-18-35-36-40:3,1-8-17-32-36-37:1;5-13-26-34-38-41:1;2-12-16-33-35-39:1,1.0600;0.9600;0.8200;0.6600;0.6600;0.8200;0.8000;1.0400;0.7600;0.9400,0:192;1:207;2:85;3:15;4:1,0:28;1:23;2:8;3:1
loto,5443,2026-06-25 21:00:00,all,500,0.796,3,4-7-20-32-35-40:3;7-11-20-34-38-40:3;7-18-20-32-35-37:3,6-12-28-35-36-39:1;7-9-23-33-38-40:1;1-3-20-32-34-41:1,0.7600;0.9200;0.8800;0.7000;0.6000;0.9200;0.9400;0.7200;0.7000;0.8200,0:195;1:219;2:79;3:7,0:28;1:25;2:6
kino,3245,2026-06-26,50,500,7.818,11,1-5-6-7-9-10-13-15-18-20-21-22-24-25:11;1-2-3-6-7-10-15-17-18-20-21-22-24-25:11;3-5-8-9-10-11-14-15-17-18-20-21-22-25:11,1-2-5-6-8-10-11-13-14-17-19-20-23-25:8;2-3-7-9-10-12-14-15-18-19-21-22-24-25:8;1-2-4-5-7-8-13-15-16-18-19-21-23-24:6,7.7200;7.5800;7.9400;7.8400;7.6400;7.8200;7.7000;7.8400;8.1000;8.0000,4:2;5:14;6:53;7:132;8:148;9:112;10:32;11:7,
kino,3245,2026-06-26,100,500,7.924,11,1-3-6-7-9-10-13-15-17-18-20-22-23-25:11;3-6-7-8-9-10-13-15-16-17-19-20-21-22:11;1-3-5-6-7-10-14-15-17-18-19-20-21-22:11,1-2-4-5-7-9-10-13-15-16-19-22-24-25:8;2-3-6-7-8-10-11-12-14-17-19-20-21-23:8;1-3-4-6-8-9-11-12-15-16-18-19-21-25:8,8.1200;7.9800;8.1400;7.9400;7.9400;8.0000;7.6200;8.0200;7.5800;7.9000,4:2;5:13;6:51;7:111;8:162;9:110;10:41;11:10,
kino,3245,2026-06-26,250,500,7.862,12,1-3-5-6-7-8-9-10-15-17-18-21-22-24:12;1-3-5-7-9-10-14-15-17-18-20-22-23-25:11;1-3-6-7-8-10-12-13-14-17-20-21-22-25:11,1-3-4-6-8-12-13-15-16-18-19-21-23-24:6;2-5-7-8-9-10-11-14-16-20-22-23-24-25:8;1-3-5-6-10-11-14-15-17-18-21-22-24-25:10,7.8400;8.0000;7.9400;7.8400;7.8600;7.9000;7.8600;7.7800;7.8600;7.7400,4:1;5:14;6:54;7:132;8:146;9:102;10:39;11:11;12:1,
kino,3245,2026-06-26,500,500,7.864,11,1-3-5-7-9-10-14-15-16-17-18-20-21-22:11;1-3-4-6-7-9-10-15-17-18-20-21-22-24:11;1-5-6-7-8-10-11-12-15-17-18-21-22-25:11,1-2-7-9-10-12-13-15-16-18-20-21-24-25:8;1-3-4-5-6-7-8-12-17-18-19-20-22-23:9;3-4-5-9-10-11-13-14-16-17-22-23-24-25:7,7.9800;7.7400;7.5600;7.9400;7.8400;8.1400;7.8200;7.8200;8.0200;7.7800,4:1;5:11;6:50;7:131;8:150;9:123;10:25;11:9,
kino,3245,2026-06-26,1000,500,7.826,11,1-3-5-6-7-9-10-16-18-20-21-22-24-25:11;1-3-5-6-7-8-9-10-14-16-17-20-21-23:11;3-4-6-7-8-9-10-11-14-15-17-20-21-22:11,1-2-4-7-9-11-13-14-17-18-21-22-24-25:7;2-3-4-5-6-8-12-13-15-16-19-20-23-25:7;1-4-5-6-9-10-11-12-14-15-16-19-21-24:7,7.6400;7.7200;8.1000;7.9600;7.6600;7.8600;7.7600;7.8400;7.8000;7.9200,5:9;6:54;7:142;8:163;9:85;10:36;11:11,
kino,3245,2026-06-26,all,500,7.742,11,1-3-5-7-8-9-10-12-14-15-16-17-20-25:11;1-3-5-6-8-9-11-12-17-18-21-22-24-25:10;1-3-5-7-8-9-10-14-16-17-18-19-20-21:10,2-3-6-9-10-13-14-16-17-19-21-22-24-25:8;1-4-5-6-7-8-12-15-16-18-20-23-24-25:8;1-2-4-5-8-9-11-13-15-18-19-21-22-25:8,7.7800;7.7400;8.0200;7.8600;7.4000;7.6000;8.0200;7.6000;7.8200;7.5800,4:2;5:10;6:62;7:129;8:168;9:97;10:31;11:1,
kino,3245,2026-06-26,dia,500,7.754,13,1-3-6-7-8-9-10-12-15-17-20-21-22-25:13;3-5-6-7-8-9-10-15-16-17-21-22-24-25:12;3-6-7-8-9-10-13-14-15-17-20-21-24-25:11,1-2-5-6-9-10-12-14-15-19-21-22-24-25:9;3-4-6-7-8-10-11-13-14-16-17-20-23-25:8;1-2-4-5-7-8-10-11-15-17-18-20-21-24:9,7.9800;7.9200;7.8600;7.6800;7.6400;7.7200;7.3800;7.7200;8.0200;7.6200,4:1;5:12;6:53;7:154;8:142;9:105;10:30;11:1;12:1;13:1,
kino,3245,2026-06-26,mes,500,7.992,12,1-3-5-6-7-9-10-15-16-17-18-20-21-22:12;1-2-5-6-7-8-9-10-15-16-17-21-22-25:12;2-5-6-7-8-9-10-15-17-19-20-21-22-25:12,1-2-4-7-8-10-13-14-16-18-19-22-23-25:6;2-5-6-8-9-11-14-15-17-18-20-21-23-24:8;1-3-4-6-7-11-13-15-16-18-20-21-24-25:8,8.1200;8.2400;8.0200;8.2000;7.7600;7.8200;7.8600;7.9600;8.0000;7.9400,4:1;5:10;6:47;7:118;8:166;9:89;10:57;11:9;12:3,
loto,5444,2026-06-28 21:00:00,50,500,1.068,4,2-7-28-35-36-40:4;10-17-20-36-39-40:4;2-8-17-20-35-40:4,4-8-16-33-35-41:1;1-3-12-32-38-40:1;10-13-19-34-37-39:0,0.9600;1.1000;1.1200;1.3200;1.1000;1.2000;0.7800;0.9200;1.2800;0.9000,0:139;1:217;2:118;3:23;4:3,0:48;1:45;2:16;3:1
loto,5444,2026-06-28 21:00:00,100,500,1.072,4,2-17-20-31-35-40:4;6-17-20-33-35-37:3;1-14-20-35-36-38:3,6-16-19-35-36-41:2;3-9-15-33-34-40:1;2-5-22-32-38-39:0,1.0600;1.1800;1.0400;1.4200;1.1800;0.9800;1.0800;1.0200;0.9000;0.8600,0:122;1:242;2:115;3:20;4:1,0:41;1:59;2:18;3:5
loto,5444,2026-06-28 21:00:00,250,500,1.198,4,4-17-20-32-35-40:4;8-11-20-35-36-40:4;4-13-28-34-35-40:3,1-12-28-38-40-41:2;3-10-19-33-34-39:0;6-9-17-32-35-37:2,1.0800;1.3400;1.0800;1.1200;1.4400;1.2000;1.3600;1.1800;1.1200;1.0600,0:104;1:233;2:125;3:36;4:2,0:40;1:61;2:19;3:4
loto,5444,2026-06-28 21:00:00,500,500,1.108,4,13-17-22-35-36-40:4;9-20-22-28-35-40:4;4-13-17-20-35-40:4,2-3-34-37-39-41:0;5-16-21-32-36-40:2;4-8-18-33-35-38:1,1.0600;1.2200;1.1000;1.3600;1.0800;1.2000;1.2800;0.9400;0.8800;0.9600,0:116;1:235;2:131;3:15;4:3,0:58;1:60;2:25;3:3
loto,5444,2026-06-28 21:00:00,1000,500,1.09,4,1-3-20-35-36-40:4;1-17-32-35-36-40:4;12-16-20-35-36-41:3,8-11-31-33-36-37:1;3-5-29-34-38-40:1;10-12-20-35-39-41:2,0.9200;1.1800;1.2200;1.1200;1.2600;1.0600;0.9200;1.0200;1.1400;1.0600,0:108;1:262;2:109;3:19;4:2,0:47;1:66;2:14;3:2
loto,5444,2026-06-28 21:00:00,all,500,1.124,4,13-17-20-35-36-38:4;7-17-28-35-39-40:4;1-12-28-33-36-40:3,2-14-17-35-39-41:2;6-13-22-32-34-37:0;1-12-28-33-36-40:3,1.1600;1.2200;1.2000;1.2400;1.3800;1.1800;1.0800;0.8600;0.9200;1.0000,0:119;1:222;2:139;3:18;4:2,0:39;1:45;2:19;3:2;4:1
loto,5444,2026-06-28 21:00:00,dia,500,1.096,4,17-20-22-33-35-36:4;11-20-25-28-35-40:4;2-11-20-35-37-40:3,4-8-13-32-33-36:1;5-15-26-34-38-39:0;2-11-20-35-37-40:3,1.1000;1.1400;1.0000;1.2600;1.3000;1.1200;0.8600;1.1000;1.0600;1.0200,0:116;1:249;2:108;3:25;4:2,0:40;1:66;2:22;3:2
loto,5444,2026-06-28 21:00:00,mes,500,1.078,4,9-17-31-35-36-40:4;10-15-20-28-35-40:4;7-9-20-35-36-38:3,6-9-13-32-36-41:1;4-20-25-33-34-37:1;1-2-10-35-38-39:1,1.1400;1.1600;1.1800;1.0800;1.1600;0.9800;0.9800;1.2400;0.9600;0.9000,0:127;1:229;2:124;3:18;4:2,0:54;1:58;2:20;3:2
kino,3246,2026-06-28,50,500,7.754,11,3-4-7-9-10-11-16-17-18-19-20-22-23-24:11;3-4-5-6-7-9-12-17-18-19-20-21-22-24:11;1-3-4-6-7-10-13-14-18-20-21-22-23-24:11,1-2-4-7-8-10-11-13-14-17-18-22-23-25:7;2-3-5-6-7-8-9-12-15-16-19-20-21-24:8;4-5-6-9-10-12-13-14-15-17-18-19-23-24:7,7.5200;7.5000;7.6800;8.1800;7.7200;7.7000;7.8600;8.1600;7.6200;7.6000,4:2;5:14;6:64;7:147;8:126;9:100;10:39;11:8,
kino,3246,2026-06-28,100,500,7.808,11,1-2-3-4-7-9-11-15-16-18-20-21-22-23:11;1-3-4-5-7-9-11-16-17-18-19-20-22-24:11;3-4-5-6-7-9-10-14-16-17-18-22-23-24:11,1-3-4-6-7-11-12-14-17-18-20-21-23-25:10;1-2-4-5-10-11-13-15-16-18-19-22-24-25:6;3-4-5-6-8-9-10-12-13-15-18-19-20-23:7,7.6200;7.8600;7.9000;7.7600;7.7200;8.1600;7.4400;8.3000;7.6600;7.6600,5:9;6:65;7:119;8:172;9:96;10:33;11:6,
kino,3246,2026-06-28,250,500,7.77,12,1-3-4-6-8-9-10-16-17-20-21-22-23-24:12;1-3-4-6-9-10-12-15-16-17-20-21-22-24:11;1-4-6-7-9-10-12-15-16-17-18-21-22-23:11,1-2-5-6-9-10-12-14-15-18-21-22-24-25:7;3-4-6-7-8-10-11-13-16-19-20-22-23-25:8;2-3-4-5-6-9-12-16-17-18-19-20-21-23:10,7.8600;7.5800;7.8600;7.7600;7.8800;7.3600;8.1400;7.9200;7.6600;7.6800,5:22;6:48;7:146;8:141;9:103;10:31;11:8;12:1,
kino,3246,2026-06-28,500,500,7.86,12,1-3-4-6-8-9-15-16-17-18-21-22-23-24:12;1-3-4-6-7-9-11-16-18-19-20-21-23-24:12;1-3-6-7-9-12-15-16-17-18-20-21-22-24:12,1-2-4-5-7-8-10-11-15-16-18-20-23-24:8;1-2-3-6-8-9-12-14-17-19-21-22-24-25:8;4-5-6-9-11-12-15-16-17-18-21-22-23-25:9,7.7800;7.6800;7.9000;7.7800;8.2200;7.8400;7.8400;7.8400;8.0200;7.7000,4:1;5:12;6:60;7:120;8:157;9:103;10:37;11:7;12:3,
kino,3246,2026-06-28,1000,500,7.82,12,1-3-4-5-6-7-9-13-16-17-18-22-23-24:12;1-5-6-7-8-9-13-16-17-18-20-22-23-24:11;1-2-4-7-9-13-16-17-18-20-21-23-24-25:11,1-2-4-5-7-9-11-13-14-16-18-20-21-25:8;1-2-3-4-6-9-10-15-17-19-21-22-23-24:10;3-5-6-7-8-12-16-17-18-19-20-22-23-25:9,7.7200;7.5400;7.7800;7.7600;8.1200;7.7600;7.8600;7.8000;8.0200;7.8400,4:3;5:13;6:61;7:120;8:151;9:108;10:38;11:5;12:1,
kino,3246,2026-06-28,all,500,7.786,11,2-3-4-7-8-9-11-16-17-18-20-21-22-24:11;1-3-5-7-10-12-16-17-18-20-21-22-23-24:11;1-2-4-6-7-9-13-15-16-17-18-20-22-24:11,1-3-5-6-8-9-11-12-16-17-20-22-23-25:9;1-2-4-6-10-12-13-15-16-18-19-21-24-25:7;1-2-4-5-7-8-10-11-14-17-19-22-24-25:6,7.3600;7.7400;8.0400;7.7800;7.9600;8.0400;7.7800;7.8600;7.8600;7.4400,4:4;5:14;6:55;7:132;8:156;9:95;10:34;11:10,
kino,3246,2026-06-28,dia,500,7.87,12,1-3-4-6-7-9-10-15-16-20-21-22-23-24:12;1-3-4-6-9-11-12-17-18-19-20-22-23-24:11;1-4-5-6-7-9-12-14-17-18-21-22-23-24:11,2-3-6-7-10-11-13-14-16-18-19-21-22-25:7;1-4-5-6-7-9-12-14-15-16-17-20-23-24:10;1-2-4-5-8-10-12-13-15-17-18-22-23-25:6,7.4400;7.9600;8.1800;8.0200;7.8000;7.8400;8.0000;7.9000;7.7800;7.7800,4:1;5:6;6:58;7:132;8:152;9:104;10:41;11:5;12:1,
kino,3246,2026-06-28,mes,500,7.83,12,1-3-6-7-9-12-14-16-17-20-21-22-23-24:12;3-4-6-7-9-12-15-16-18-19-21-22-23-24:11;1-3-6-9-10-11-12-16-17-18-20-21-22-23:11,1-2-4-6-8-9-13-16-17-19-20-22-23-25:9;3-4-5-6-7-10-11-12-14-15-18-20-23-24:8;1-2-5-7-9-10-14-15-18-19-21-22-24-25:7,7.8200;7.7600;7.7000;7.7600;8.0800;8.1200;7.7800;7.7400;7.8800;7.6600,4:1;5:7;6:67;7:131;8:141;9:108;10:39;11:5;12:1,
loto,5445,2026-06-30 21:00:00,50,500,0.656,3,17-20-27-34-37-38:3;9-17-27-28-34-37:3;8-17-20-28-32-39:3,2-9-13-34-35-41:1;7-8-22-37-39-40:0;1-11-14-32-33-38:0,0.4800;0.5400;0.4400;0.5600;0.6000;0.6400;0.7000;0.9800;0.8200;0.8000,0:234;1:211;2:48;3:7,0:21;1:23;2:5
loto,5445,2026-06-30 21:00:00,100,500,0.682,3,13-17-20-33-37-39:3;10-17-22-28-33-34:3;13-17-20-22-34-35:3,4-5-34-35-38-41:0;1-2-28-32-33-39:1;3-14-16-27-36-40:1,0.5000;0.5800;0.5400;0.5000;0.6600;0.7000;0.8000;0.9600;0.7200;0.8600,0:222;1:219;2:55;3:4,0:31;1:19;2:5;3:1
loto,5445,2026-06-30 21:00:00,250,500,0.638,3,13-20-27-34-38-39:3;10-20-25-28-35-39:3;10-12-13-20-34-39:3,6-7-9-36-38-41:0;4-10-22-37-39-40:1;2-13-19-32-33-35:1,0.4800;0.6200;0.4000;0.6200;0.7400;0.5200;0.6400;0.7600;0.8800;0.7200,0:242;1:203;2:49;3:6,0:40;1:25;2:4
loto,5445,2026-06-30 21:00:00,500,500,0.652,3,13-17-20-32-37-40:3;10-13-28-33-37-41:3;10-13-28-37-38-41:3,1-5-12-32-36-38:0;3-14-26-33-35-39:0;2-15-21-34-37-41:0,0.5400;0.5000;0.5400;0.6800;0.5600;0.5200;0.8600;0.7600;0.9000;0.6600,0:242;1:198;2:52;3:8,0:27;1:21;2:5
loto,5445,2026-06-30 21:00:00,1000,500,0.614,3,13-20-28-32-35-41:3;17-20-27-32-36-41:3;13-20-27-37-38-41:3,2-21-25-32-36-39:0;1-6-12-33-34-37:0;5-14-24-38-40-41:0,0.3000;0.6000;0.4600;0.4600;0.7200;0.6400;0.6800;0.8800;0.6200;0.7800,0:251;1:198;2:44;3:7,0:36;1:15;2:4;3:1
loto,5445,2026-06-30 21:00:00,all,500,0.64,3,10-13-28-34-37-39:3;13-17-27-36-39-40:3;13-20-21-28-32-35:3,15-16-23-32-34-35:0;3-9-20-36-40-41:1;1-2-26-33-37-39:0,0.5000;0.6200;0.4400;0.5800;0.6000;0.5200;0.8400;0.7000;0.9000;0.7000,0:244;1:199;2:50;3:7,0:34;1:19;2:3
loto,5445,2026-06-30 21:00:00,dia,500,0.634,3,10-13-17-34-36-40:3;8-10-27-28-37-39:3;10-13-22-32-34-37:2,2-12-17-33-34-40:1;4-8-31-36-38-41:0;10-14-18-32-37-39:1,0.3800;0.5000;0.5400;0.5800;0.7000;0.4800;0.8200;0.7000;0.9000;0.7400,0:238;1:209;2:51;3:2,0:29;1:17;2:4
loto,5445,2026-06-30 21:00:00,mes,500,0.636,3,10-17-22-27-33-37:3;1-17-20-28-33-38:3;12-17-27-28-32-33:3,8-15-21-34-36-37:0;4-7-29-35-38-39:0;1-17-20-32-40-41:2,0.4400;0.5800;0.5000;0.6400;0.5600;0.6400;0.6800;0.8000;0.7400;0.7800,0:239;1:207;2:51;3:3,0:39;1:33;2:1
kino,3247,2026-07-01,50,500,7.918,11,1-3-4-6-8-9-13-14-17-18-20-22-24-25:11;1-3-4-6-8-9-13-14-15-17-20-22-23-24:11;3-4-6-7-8-9-10-13-14-16-18-19-20-25:11,1-5-7-9-10-12-14-15-17-18-20-22-24-25:8;2-3-4-8-9-11-12-13-14-16-18-19-23-24:7;1-2-3-5-6-7-8-10-15-16-19-20-21-23:8,7.6000;7.9200;7.9000;7.5200;8.2000;7.8800;8.4800;7.8200;8.0400;7.8200,4:3;5:12;6:54;7:129;8:125;9:119;10:49;11:9,
kino,3247,2026-07-01,100,500,7.844,11,1-2-6-7-8-9-10-13-14-17-20-21-22-23:11;1-3-4-7-10-11-13-14-15-20-22-23-24-25:11;3-4-5-7-8-9-10-12-13-14-16-22-23-25:11,1-4-5-7-9-10-12-13-16-18-19-21-22-25:8;1-2-5-6-8-9-11-14-15-17-19-20-23-24:7;2-3-5-8-10-11-13-15-16-18-20-22-24-25:7,7.7400;8.1400;7.9800;7.7400;7.6800;7.7000;7.6800;7.9600;7.7200;8.1000,4:1;5:8;6:63;7:119;8:161;9:108;10:33;11:7,
kino,3247,2026-07-01,250,500,7.854,11,1-3-4-6-7-8-10-11-12-14-15-20-22-25:11;1-2-3-4-7-8-9-12-13-18-20-22-23-25:11;1-3-4-6-8-10-13-14-17-20-21-22-24-25:11,1-2-4-7-10-11-13-16-17-19-20-22-23-25:9;3-5-6-8-9-10-12-13-14-15-18-22-24-25:9;2-3-6-7-9-11-13-15-16-18-19-21-23-24:6,7.6200;8.3000;7.8000;7.8200;7.7000;7.6800;8.0400;7.8400;8.2000;7.5400,4:2;5:11;6:56;7:123;8:161;9:98;10:42;11:7,
kino,3247,2026-07-01,500,500,7.744,12,1-3-4-6-7-9-10-13-14-17-19-20-23-25:12;3-6-7-8-9-10-13-14-15-20-22-23-24-25:12;1-3-6-7-8-9-10-11-13-14-16-17-22-25:11,1-2-5-8-9-12-13-15-16-18-20-21-24-25:6;1-3-4-6-7-10-11-13-14-16-17-19-22-23:10;2-4-5-7-8-10-11-14-17-18-20-21-23-25:8,7.6200;7.4400;7.9000;8.1600;7.5600;7.5400;7.7400;7.9200;7.6800;7.8800,4:2;5:14;6:71;7:133;8:137;9:97;10:40;11:4;12:2,
kino,3247,2026-07-01,1000,500,7.862,12,1-3-4-6-8-9-13-14-17-18-20-22-23-25:12;1-3-4-6-7-8-9-12-13-15-20-22-23-25:12;2-3-6-7-9-10-13-14-17-19-20-22-23-25:11,1-3-4-6-7-9-10-12-14-18-19-21-23-24:9;2-4-5-8-11-12-13-16-17-18-19-20-22-25:6;1-3-5-6-8-10-11-13-15-17-20-21-23-25:9,8.0800;7.8800;7.8400;7.9800;7.7600;7.7800;8.0000;7.5200;7.9600;7.8200,4:3;5:14;6:55;7:122;8:159;9:93;10:40;11:12;12:2,
kino,3247,2026-07-01,all,500,7.792,11,3-4-6-7-9-10-13-14-18-21-22-23-24-25:11;1-3-4-6-7-8-10-11-14-15-18-22-23-25:11;1-4-6-7-8-9-10-12-14-18-21-22-23-25:11,1-2-5-6-8-9-11-12-14-15-19-20-22-24:7;1-3-4-6-7-10-13-14-16-17-18-20-21-25:10;2-3-5-9-10-12-13-15-16-18-19-21-24-25:5,7.6800;8.1600;7.7600;7.5000;7.7400;7.7600;8.0800;7.9000;7.8400;7.5000,5:11;6:67;7:122;8:154;9:111;10:31;11:4,
kino,3247,2026-07-01,dia,500,7.922,12,1-3-4-6-9-10-12-13-14-19-20-22-23-25:12;1-3-6-7-8-9-10-13-15-19-20-22-24-25:11;1-3-6-8-9-10-11-13-14-16-18-22-23-25:11,1-2-4-5-8-9-11-12-14-16-17-20-23-24:7;1-3-4-5-6-7-10-13-16-18-19-21-22-25:9;2-3-6-10-11-12-13-15-16-17-19-20-22-24:6,7.7000;8.3200;7.8200;7.9200;7.8400;8.1600;7.9600;8.1000;7.6400;7.7600,5:16;6:65;7:101;8:145;9:117;10:46;11:9;12:1,
kino,3247,2026-07-01,mes,500,7.74,12,3-6-7-8-9-10-13-14-15-17-20-22-23-25:12;1-4-5-6-7-8-10-11-14-17-20-22-23-25:11;1-3-4-6-7-8-9-11-13-14-19-20-21-22:11,1-2-4-5-9-11-13-15-17-18-20-22-24-25:7;2-3-6-7-8-9-10-13-14-16-19-21-23-24:9;1-2-4-5-7-8-10-12-16-18-19-22-23-25:8,7.7000;7.8400;7.7600;7.9000;7.8400;7.7200;7.6000;7.5200;7.7000;7.8200,4:1;5:20;6:54;7:136;8:154;9:100;10:28;11:6;12:1,
loto,5446,2026-07-02 21:00:00,50,500,0.666,3,10-17-18-33-37-41:3;2-17-27-33-37-39:3;10-17-18-21-35-41:3,3-6-18-32-39-41:1;8-12-13-33-34-36:1;11-15-20-35-37-40:0,0.7000;0.7600;0.6600;0.6000;0.5200;0.6200;0.8400;0.5600;0.8400;0.5600,0:240;1:193;2:61;3:6,0:34;1:23;2:4
loto,5446,2026-07-02 21:00:00,100,500,0.704,4,2-10-12-27-38-41:4;2-10-13-17-38-40:3;10-12-18-25-37-40:3,9-12-20-32-33-39:1;2-10-23-36-37-41:2;4-8-19-35-38-40:0,0.7000;0.5000;0.6600;0.6800;0.5400;0.5800;0.6600;0.8400;0.9400;0.9400,0:231;1:193;2:70;3:5;4:1,0:36;1:18;2:6
loto,5446,2026-07-02 21:00:00,250,500,0.662,4,2-10-12-27-34-39:4;2-10-12-29-35-37:3;10-14-18-27-37-38:3,13-14-17-34-37-38:1;3-7-16-33-36-41:0;4-8-21-26-39-40:0,0.7200;0.6000;0.7800;0.4200;0.5000;0.4600;0.8000;0.9000;0.7200;0.7200,0:226;1:221;2:50;3:2;4:1,0:38;1:23
loto,5446,2026-07-02 21:00:00,500,500,0.648,3,2-17-18-34-35-39:3;10-12-18-34-40-41:3;4-10-12-27-34-41:3,2-8-29-33-38-41:1;10-16-23-32-37-40:1;9-15-19-34-36-39:0,0.6200;0.6200;0.7600;0.5200;0.5200;0.6400;0.7400;0.7600;0.6200;0.6800,0:237;1:205;2:55;3:3,0:35;1:25;2:3
loto,5446,2026-07-02 21:00:00,1000,500,0.668,3,2-5-18-27-37-40:3;6-12-17-27-36-37:3;10-12-17-19-32-33:3,5-8-23-34-36-37:0;4-9-13-35-38-41:0;10-15-18-32-33-40:2,0.7200;0.6600;0.6400;0.6800;0.4200;0.5200;0.6800;0.8800;0.7200;0.7600,0:230;1:209;2:58;3:3,0:28;1:22;2:6
loto,5446,2026-07-02 21:00:00,all,500,0.684,3,2-10-11-27-40-41:3;1-10-12-32-35-36:2;10-11-18-33-36-38:2,6-17-22-33-35-39:1;4-12-23-37-38-40:1;2-11-26-32-36-41:1,0.5400;0.5600;0.5400;0.6400;0.6200;0.5200;0.8400;0.8600;0.8800;0.8400,0:215;1:229;2:55;3:1,0:30;1:29;2:2
loto,5446,2026-07-02 21:00:00,dia,500,0.65,3,2-9-12-17-33-39:3;11-12-18-33-34-37:2;9-10-27-32-34-40:2,6-15-23-32-38-40:0;11-12-18-33-34-37:2;3-19-28-35-36-39:0,0.5000;0.5000;0.6600;0.6000;0.5800;0.6800;0.6800;0.8400;0.7200;0.7400,0:230;1:216;2:53;3:1,0:33;1:25;2:1
loto,5446,2026-07-02 21:00:00,mes,500,0.692,3,2-17-18-33-34-36:3;2-7-17-27-32-36:3;2-17-28-34-36-37:2,5-8-16-33-35-39:0;2-17-28-34-36-37:2;4-7-12-32-38-41:1,0.5600;0.5800;0.6400;0.7600;0.6400;0.6600;0.8000;0.7200;0.8000;0.7600,0:222;1:212;2:64;3:2,0:32;1:17
kino,3248,2026-07-03,50,500,7.784,11,3-4-6-8-9-11-13-15-16-18-20-22-24-25:11;3-6-8-9-11-13-15-16-17-18-19-20-24-25:11;4-5-6-7-8-9-11-13-15-16-18-22-23-25:11,1-2-4-5-8-9-12-14-16-17-20-21-23-24:6;3-6-7-9-11-13-14-16-18-19-21-22-24-25:9;1-2-5-7-8-10-11-13-15-16-18-19-22-23:8,7.9200;7.7800;8.0200;7.5800;7.9600;7.6000;7.6200;7.5600;7.8800;7.9200,4:3;5:15;6:58;7:127;8:159;9:92;10:38;11:8,
kino,3248,2026-07-03,100,500,7.834,12,2-3-5-7-8-9-11-16-17-18-20-22-23-25:12;2-3-4-7-8-11-15-16-17-18-19-20-23-25:11;2-3-5-6-7-8-9-11-13-15-16-18-20-25:11,1-3-4-7-8-11-12-14-15-18-19-21-23-24:7;2-5-6-7-9-10-13-14-15-16-17-21-22-25:8;1-3-5-8-9-11-12-14-16-17-20-22-23-25:10,7.4800;7.8200;8.0400;7.9600;7.9400;8.1200;7.8200;7.8400;7.7200;7.6000,4:2;5:11;6:59;7:121;8:165;9:97;10:36;11:8;12:1,
kino,3248,2026-07-03,250,500,7.822,11,1-3-4-7-8-9-11-15-17-18-20-22-23-24:11;1-3-6-7-8-9-15-16-18-20-21-22-23-24:11;3-4-5-7-8-9-10-11-15-16-17-20-22-25:11,2-3-5-6-8-9-12-15-16-18-19-21-22-25:9;1-3-4-7-8-11-13-14-17-18-20-21-23-24:8;1-2-5-6-8-10-11-14-16-17-19-20-22-23:8,8.0000;8.2200;7.8800;7.6200;7.4800;7.8000;7.8000;7.9600;7.6400;7.8200,4:1;5:13;6:60;7:133;8:146;9:96;10:42;11:9,
kino,3248,2026-07-03,500,500,7.81,11,1-3-6-7-8-9-10-11-14-15-16-18-20-23:11;3-5-6-7-9-11-12-16-17-20-22-23-24-25:11;1-3-4-7-8-9-11-14-15-16-17-18-22-23:11,1-3-5-9-10-12-13-15-16-18-20-22-24-25:8;2-4-6-8-9-11-12-14-15-17-19-20-23-25:9;1-2-3-4-6-7-11-13-16-17-18-19-21-24:7,7.5200;8.2200;8.1800;7.9800;7.6400;7.7800;7.7200;8.0600;7.4400;7.5600,4:3;5:12;6:51;7:133;8:162;9:96;10:37;11:6,
kino,3248,2026-07-03,1000,500,7.934,12,3-6-7-8-9-11-15-16-17-18-19-20-23-24:12;2-3-6-7-9-11-15-16-17-18-20-23-24-25:12;2-3-4-7-8-11-15-16-17-18-20-21-22-23:11,1-3-4-6-7-9-11-13-14-18-20-22-23-25:10;2-5-7-8-10-12-14-16-17-19-21-22-24-25:6;1-2-4-5-7-9-10-13-15-16-18-21-23-24:6,7.7800;8.0600;7.8800;8.2400;7.8800;7.9000;7.8000;7.6600;8.1600;7.9800,4:1;5:14;6:49;7:116;8:153;9:116;10:44;11:5;12:2,
kino,3248,2026-07-03,all,500,7.85,13,3-6-7-8-9-11-15-16-17-18-20-22-24-25:13;3-4-6-8-9-11-14-15-16-17-18-22-23-25:12;3-5-6-8-9-11-13-14-17-18-20-22-23-25:11,1-3-4-7-9-10-12-13-16-17-20-21-23-24:7;1-2-5-7-8-11-13-15-18-19-21-22-24-25:7;3-4-6-8-9-11-14-15-16-17-18-22-23-25:12,7.4800;8.0600;8.1200;7.9000;7.6200;7.6000;7.7200;8.1400;7.8600;8.0000,5:11;6:66;7:113;8:162;9:103;10:38;11:5;12:1;13:1,
kino,3248,2026-07-03,dia,500,7.76,12,3-5-6-7-8-9-13-16-17-18-20-22-23-25:12;2-3-6-8-9-10-11-14-15-17-18-20-22-23:11;1-2-3-6-7-9-11-12-15-16-17-18-20-25:11,1-2-4-5-8-9-11-15-16-18-19-21-23-24:7;2-3-6-7-9-10-11-12-13-14-20-22-23-25:9;1-2-4-5-7-8-12-14-16-17-19-20-22-25:7,7.2800;8.0200;8.0000;7.7200;7.9800;7.8200;7.8000;7.7400;7.6800;7.5600,5:15;6:62;7:143;8:143;9:93;10:34;11:9;12:1,
kino,3248,2026-07-03,mes,500,7.764,12,3-4-6-7-8-11-15-17-18-20-21-22-23-25:12;3-6-7-8-11-12-13-15-16-18-20-22-23-25:12;3-4-6-7-11-14-15-16-18-20-21-22-23-25:11,2-3-5-6-8-9-12-14-15-17-20-21-23-24:8;1-4-7-8-10-11-13-14-16-17-18-19-23-25:8;1-2-4-5-6-9-10-12-14-15-16-19-22-25:6,7.5400;7.3600;7.5000;7.6800;7.7000;7.9200;8.2000;7.8400;7.9600;7.9400,4:1;5:10;6:81;7:133;8:124;9:102;10:40;11:7;12:2,
kino,3249,2026-07-05,50,500,7.826,11,1-2-4-5-8-10-12-14-17-19-21-22-24-25:11;2-5-6-7-8-10-11-12-14-16-17-19-20-25:11;2-3-8-10-11-12-13-14-17-18-20-21-23-25:11,1-2-4-5-8-10-11-13-14-18-19-22-24-25:9;1-2-3-4-6-7-9-12-17-18-19-20-21-23:7;3-5-6-8-10-11-12-14-15-16-20-21-23-25:10,7.9200;7.9000;8.1400;7.7200;8.2400;7.7000;7.5600;7.8000;7.5200;7.7600,4:1;5:12;6:60;7:129;8:143;9:115;10:33;11:7,
kino,3249,2026-07-05,100,500,7.738,12,2-3-5-8-10-11-12-14-16-17-19-20-23-24:12;1-2-5-8-9-10-12-14-16-17-20-23-24-25:11;2-4-5-6-9-10-11-12-14-17-19-21-23-24:11,1-2-4-8-10-11-13-14-16-17-19-20-24-25:10;3-4-6-7-9-11-12-13-16-18-21-22-23-25:5;2-3-5-6-8-9-12-14-15-17-18-20-21-25:9,7.6000;7.9800;7.4800;7.7000;7.5200;7.5800;7.9000;7.7800;7.9800;7.8600,4:1;5:12;6:69;7:131;8:148;9:105;10:30;11:3;12:1,
kino,3249,2026-07-05,250,500,7.848,12,2-5-6-7-8-10-11-14-17-19-20-21-23-25:12;2-5-8-10-11-12-14-15-17-18-19-21-24-25:12;2-5-6-8-9-11-12-14-15-17-20-21-24-25:11,1-2-4-5-8-9-11-14-15-17-18-20-22-25:8;1-3-4-6-7-9-12-13-16-17-19-20-23-24:6;2-3-5-6-7-8-10-15-16-19-21-22-23-25:8,7.8000;8.0200;8.2000;7.5800;7.7800;7.6200;8.2400;7.9000;7.5600;7.7800,4:2;5:23;6:48;7:123;8:155;9:93;10:43;11:11;12:2,
kino,3249,2026-07-05,500,500,7.766,11,1-2-5-6-8-11-12-14-15-17-19-21-24-25:11;2-3-4-5-8-10-12-14-15-19-20-23-24-25:11;1-2-3-5-8-10-12-14-16-17-20-23-24-25:11,1-2-4-5-7-8-10-13-15-16-18-21-22-25:6;1-3-5-6-8-11-12-14-15-17-19-20-22-24:9;1-3-4-6-7-9-10-12-14-18-19-21-24-25:7,7.6400;7.8000;7.9200;8.1000;7.6400;7.7000;7.5600;7.6800;7.7400;7.8800,4:5;5:9;6:71;7:124;8:149;9:96;10:38;11:8,
kino,3249,2026-07-05,1000,500,7.756,11,2-3-8-9-10-11-14-15-17-19-20-21-24-25:11;2-3-4-5-8-10-11-12-17-18-19-21-23-25:11;2-3-5-8-10-11-12-13-14-15-17-19-21-24:11,1-2-4-5-7-9-10-12-16-17-19-20-24-25:9;3-4-6-7-8-11-13-14-15-18-19-20-21-23:7;1-2-4-6-11-12-14-15-17-18-21-22-24-25:8,7.6800;8.0000;7.5400;7.5200;7.7200;7.9600;7.7400;7.9200;7.9000;7.5800,4:2;5:13;6:70;7:127;8:141;9:107;10:35;11:5,
kino,3249,2026-07-05,all,500,7.812,12,2-3-5-8-10-11-12-13-14-17-19-20-23-24:12;2-4-5-9-10-12-14-17-18-19-20-23-24-25:11;2-5-8-10-11-12-14-16-17-18-19-21-22-23:11,1-3-4-6-8-10-11-13-14-16-17-20-24-25:8;1-2-4-5-7-9-10-12-14-15-18-20-22-23:7;2-3-5-7-8-10-12-13-15-16-18-21-24-25:8,7.8000;7.8800;7.8600;8.0800;7.7600;7.6600;7.6200;7.9800;7.7400;7.7400,3:1;5:11;6:55;7:128;8:177;9:85;10:33;11:9;12:1,
kino,3249,2026-07-05,dia,500,7.878,11,1-2-4-5-8-10-11-14-17-18-20-21-23-24:11;1-2-5-8-10-11-14-16-17-19-20-22-23-25:11;3-4-5-8-10-11-12-17-18-19-20-21-23-25:11,1-2-4-5-8-10-11-14-17-18-20-21-23-24:11;1-2-5-7-9-10-12-13-15-16-19-22-24-25:7;2-3-6-8-9-11-12-14-15-18-19-21-22-25:8,7.8600;8.1800;7.6200;8.1000;7.9200;7.9000;7.8000;7.7400;7.9400;7.7200,4:1;5:14;6:50;7:111;8:176;9:104;10:40;11:4,
kino,3249,2026-07-05,mes,500,7.812,11,1-2-5-8-9-11-12-14-15-17-19-20-23-24:11;2-3-5-8-9-11-12-14-17-19-22-23-24-25:11;2-5-6-8-9-10-11-14-17-18-19-21-24-25:11,2-3-6-7-9-11-12-14-15-18-20-21-23-24:8;1-4-5-6-10-11-13-15-16-17-18-19-22-25:6;1-2-3-4-8-9-10-14-15-16-17-20-23-25:8,7.7800;8.0400;7.9800;7.6200;7.8600;7.8400;7.6800;7.6000;7.8200;7.9000,4:3;5:12;6:56;7:121;8:166;9:104;10:31;11:7,
loto,5447,2026-07-05 21:00:00,50,500,0.63,3,14-15-27-33-36-40:3;7-14-21-24-34-38:3;5-7-27-28-34-36:3,8-13-16-36-37-39:0;5-7-18-33-35-40:1;6-14-21-32-38-41:2,0.5400;0.4000;0.5600;0.7600;0.6600;0.5600;0.5600;0.7200;0.9400;0.6000,0:238;1:212;2:47;3:3,0:42;1:19;2:4
loto,5447,2026-07-05 21:00:00,100,500,0.632,3,7-21-27-35-36-40:3;11-14-15-21-34-35:3;7-14-15-18-35-38:3,5-20-21-32-33-41:1;6-9-27-34-36-39:1;2-10-19-37-38-40:0,0.5200;0.4600;0.4200;0.7000;0.4400;0.7800;0.7000;0.8000;0.8000;0.7000,0:254;1:181;2:60;3:5,0:41;1:19;2:5
loto,5447,2026-07-05 21:00:00,250,500,0.678,3,7-25-27-28-35-38:3;7-10-14-33-34-41:2;6-14-27-32-35-39:2,10-16-21-34-36-41:1;2-12-23-32-39-40:0;5-8-28-33-35-37:1,0.6000;0.4200;0.6800;0.6200;0.7400;0.7200;0.6600;0.6600;0.7800;0.9000,0:222;1:218;2:59;3:1,0:32;1:28;2:4
loto,5447,2026-07-05 21:00:00,500,500,0.626,3,7-15-28-33-36-41:3;7-21-27-33-36-40:3;7-15-28-35-37-39:3,4-15-19-33-36-40:1;11-12-16-37-39-41:0;7-9-14-32-34-38:2,0.5400;0.5000;0.4600;0.5200;0.7400;0.5400;0.7200;0.7600;0.7200;0.7600,0:248;1:195;2:53;3:4,0:32;1:19;2:3
loto,5447,2026-07-05 21:00:00,1000,500,0.602,3,14-15-21-34-37-39:3;6-21-27-28-37-41:3;14-17-21-27-34-36:3,5-10-22-32-35-41:0;11-14-29-34-36-38:1;1-6-27-33-39-40:1,0.3400;0.5000;0.5400;0.6200;0.4800;0.5400;0.6600;0.8400;0.8600;0.6400,0:249;1:206;2:40;3:5,0:41;1:18;2:5
loto,5447,2026-07-05 21:00:00,all,500,0.66,3,7-14-28-32-33-39:3;7-21-28-32-33-40:3;14-15-28-33-34-38:3,5-16-29-34-37-38:0;9-14-18-35-39-41:1;10-20-27-32-33-36:1,0.5000;0.4800;0.6400;0.6800;0.5200;0.5600;0.7800;0.6800;0.9400;0.8200,0:227;1:221;2:47;3:5,0:25;1:30;2:3
loto,5447,2026-07-05 21:00:00,dia,500,0.62,4,7-15-27-28-32-34:4;14-15-25-28-33-38:3;7-14-19-28-38-40:3,1-12-29-36-37-40:0;7-11-23-32-38-41:1;8-19-26-33-34-39:0,0.3400;0.6000;0.5600;0.6600;0.5200;0.5800;0.8400;0.8000;0.6000;0.7000,0:250;1:194;2:53;3:2;4:1,0:43;1:17;2:8
loto,5447,2026-07-05 21:00:00,mes,500,0.642,4,7-14-27-28-40-41:4;11-14-21-28-32-39:3;5-15-21-33-36-40:2,2-13-24-35-38-41:0;5-7-8-32-36-40:1;11-16-19-33-34-37:0,0.4800;0.5600;0.6000;0.5800;0.8600;0.5600;0.6200;0.6800;0.7800;0.7000,0:243;1:196;2:59;3:1;4:1,0:37;1:27;2:1
loto,5448,2026-07-07 21:00:00,50,500,0.97,4,6-17-18-21-33-34:4;2-21-24-33-34-36:3;1-11-21-33-34-36:3,1-2-13-32-33-40:1;6-16-23-34-35-37:1;11-12-15-36-38-39:0,1.0400;1.1400;1.0600;1.0400;0.7600;1.0800;0.9800;0.8000;0.9200;0.8800,0:150;1:233;2:100;3:16;4:1,0:18;1:20;2:6;3:1
loto,5448,2026-07-07 21:00:00,100,500,1.004,4,2-8-21-23-33-34:4;7-20-21-31-33-34:4;1-14-20-33-34-37:3,9-10-20-33-36-38:2;4-12-15-34-37-40:1;8-11-17-32-35-41:1,1.1800;0.9000;1.0600;1.0800;1.2200;0.7600;0.8600;1.1800;0.8800;0.9200,0:148;1:230;2:96;3:24;4:2,0:13;1:26;2:9;3:1
loto,5448,2026-07-07 21:00:00,250,500,0.95,4,13-18-21-33-34-35:4;6-8-20-23-33-34:4;8-19-21-25-33-34:4,3-4-30-35-38-39:0;6-12-22-32-37-41:0;5-8-17-33-36-40:2,0.8200;0.8200;0.9400;1.2200;0.9600;0.9400;1.0200;1.1400;0.8600;0.7800,0:158;1:230;2:94;3:15;4:3,0:14;1:31;2:2
loto,5448,2026-07-07 21:00:00,500,500,1.01,4,2-8-18-33-34-38:4;3-4-8-33-34-36:3;9-13-18-33-34-41:3,3-14-21-34-39-40:2;1-16-30-32-35-38:0;9-10-13-33-36-41:1,1.0000;1.0200;1.2200;1.0600;1.0200;0.9000;0.9000;0.8200;1.1400;1.0200,0:142;1:231;2:108;3:18;4:1,0:17;1:36;2:10;3:1
loto,5448,2026-07-07 21:00:00,1000,500,0.964,4,13-18-21-33-34-39:4;12-18-20-21-33-37:4;3-9-20-21-33-34:4,8-11-30-32-37-40:1;2-12-29-33-36-39:1;5-10-18-34-38-41:2,1.1400;1.1600;0.9600;0.9600;1.0000;0.9400;0.9400;0.8600;0.8200;0.8600,0:164;1:211;2:107;3:15;4:3,0:22;1:22;2:9;3:1
loto,5448,2026-07-07 21:00:00,all,500,1.016,4,8-20-28-33-34-37:4;2-8-21-33-34-39:4;4-20-25-33-34-36:3,3-12-30-35-37-38:0;4-20-25-33-34-36:3;8-13-18-32-40-41:2,1.3400;1.0400;1.0800;0.8200;1.1600;0.9600;0.9400;0.9800;0.9800;0.8600,0:150;1:220;2:104;3:24;4:2,0:13;1:21;2:13;3:2
loto,5448,2026-07-07 21:00:00,dia,500,0.996,3,5-18-20-33-36-40:3;2-7-18-33-34-37:3;1-8-16-33-34-39:3,5-24-26-32-33-36:1;2-4-31-35-38-39:0;15-18-19-34-37-40:2,0.9400;1.0200;1.0200;1.1000;1.0200;0.8200;0.9800;1.0200;0.9800;1.0600,0:144;1:237;2:96;3:23,0:18;1:27;2:9;3:2
loto,5448,2026-07-07 21:00:00,mes,500,0.906,3,8-17-18-34-36-41:3;8-18-28-34-37-39:3;13-18-31-33-34-38:3,12-14-26-32-33-37:1;6-7-13-35-39-40:0;5-11-25-34-36-38:1,0.9400;0.9000;0.8600;0.8800;0.8800;1.0600;0.9600;0.9400;0.8400;0.8000,0:160;1:240;2:87;3:13,0:22;1:18;2:5;3:2
kino,3250,2026-07-08,50,500,7.754,11,1-2-4-5-6-8-10-13-14-17-19-20-21-24:11;1-2-5-6-10-12-13-15-17-19-20-22-24-25:11;1-2-4-5-8-9-12-14-15-18-19-21-24-25:11,1-2-4-7-9-11-12-15-16-18-19-22-23-25:7;1-2-4-5-6-8-10-13-14-17-19-20-21-24:11;2-3-5-8-9-11-12-14-15-17-18-21-22-24:8,8.0600;8.0000;7.4400;7.6000;7.6200;7.8800;7.8200;7.7600;7.8400;7.5200,3:1;5:14;6:63;7:135;8:149;9:97;10:35;11:6,
kino,3250,2026-07-08,100,500,7.942,12,1-4-5-8-12-13-14-15-17-19-20-22-24-25:12;1-2-4-5-8-10-11-15-17-18-20-21-24-25:11;1-2-4-5-8-11-12-14-15-17-19-22-24-25:11,1-3-4-7-8-10-11-14-16-17-20-21-23-24:7;1-2-5-6-9-11-12-14-15-17-19-20-22-25:9;1-2-4-5-7-8-12-15-16-18-21-22-24-25:10,8.5200;7.9400;8.0400;7.7000;8.0000;7.8200;7.8800;7.3400;8.0400;8.1400,4:2;5:16;6:57;7:105;8:143;9:116;10:54;11:6;12:1,
kino,3250,2026-07-08,250,500,7.872,12,1-2-7-8-10-12-13-15-17-19-20-21-24-25:12;1-2-4-8-12-13-15-17-18-19-20-21-23-24:12;1-2-4-5-7-8-11-12-13-15-17-20-24-25:12,1-2-4-5-9-10-12-14-15-18-20-21-23-25:9;1-4-5-6-7-8-11-13-16-17-19-21-22-24:9;2-3-5-6-8-10-12-13-15-16-19-20-22-23:8,8.1800;8.0000;7.6000;7.6200;7.9800;7.6200;8.1000;7.8400;7.8000;7.9800,3:1;5:19;6:51;7:121;8:156;9:97;10:44;11:8;12:3,
kino,3250,2026-07-08,500,500,7.842,11,1-2-5-6-8-12-13-15-18-19-21-22-24-25:11;1-2-4-5-6-8-9-12-14-15-19-21-24-25:11;2-3-4-5-6-8-12-13-17-19-20-21-23-24:11,1-2-5-7-9-10-12-16-18-19-21-22-24-25:8;3-4-5-6-7-8-11-13-16-17-18-20-23-25:7;1-3-4-7-9-10-12-14-15-17-20-21-23-24:8,8.1200;7.5200;7.7800;7.9200;7.7200;8.0000;7.6200;8.1600;7.9000;7.6800,3:1;4:1;5:12;6:48;7:147;8:141;9:98;10:45;11:7,
kino,3250,2026-07-08,1000,500,7.85,12,1-2-4-5-7-8-12-13-15-17-19-20-23-24:12;1-2-4-8-9-10-12-13-15-17-19-20-23-25:11;1-2-3-4-5-7-8-12-15-17-20-21-22-25:11,1-2-5-6-8-10-11-14-17-18-20-21-23-25:8;3-4-7-9-10-12-13-14-15-16-17-20-22-24:7;1-3-4-6-9-11-12-15-16-18-19-21-24-25:8,8.2800;7.9800;7.8800;7.7400;7.8800;7.5800;7.8000;7.9600;7.7200;7.6800,4:4;5:12;6:47;7:145;8:138;9:100;10:47;11:6;12:1,
kino,3250,2026-07-08,all,500,7.794,12,1-2-4-5-8-9-10-12-13-15-17-20-21-25:12;1-2-4-6-10-12-13-15-17-18-20-21-24-25:11;1-2-4-5-8-9-12-16-17-19-20-22-24-25:11,2-3-5-7-8-11-12-15-16-19-20-22-23-25:8;1-3-4-6-8-9-10-13-14-18-21-22-23-24:6;1-2-4-5-7-9-10-12-14-15-17-18-20-25:9,8.2000;7.8800;7.5200;7.8200;8.0200;7.8200;7.7000;7.5800;7.9000;7.5000,4:1;5:16;6:71;7:114;8:146;9:109;10:34;11:8;12:1,
kino,3250,2026-07-08,dia,500,7.77,12,1-2-4-5-7-9-12-13-15-17-20-21-24-25:12;1-2-3-4-8-12-13-15-17-19-20-21-23-24:12;1-2-4-8-9-11-12-14-15-17-19-21-24-25:11,1-3-4-6-7-9-10-12-16-17-19-22-23-25:6;2-5-6-8-10-11-13-14-15-18-19-21-24-25:9;1-2-4-5-9-10-12-13-15-16-20-21-23-24:10,8.1600;7.9400;7.7400;7.7000;7.6000;7.3600;7.8600;7.8400;7.8400;7.6600,4:1;5:14;6:70;7:126;8:145;9:101;10:35;11:6;12:2,
kino,3250,2026-07-08,mes,500,7.816,12,2-3-4-5-8-11-12-13-15-17-19-20-24-25:12;1-2-4-5-8-10-12-14-15-17-18-20-24-25:11;1-2-4-8-10-12-13-15-17-18-19-21-22-24:11,3-4-6-7-9-11-12-14-18-19-21-22-24-25:6;2-3-5-8-9-10-13-15-16-17-18-20-22-23:7;1-2-5-7-8-10-12-14-15-17-21-22-24-25:10,8.3200;7.9000;7.9400;7.4000;7.6600;7.7200;8.0400;7.7000;7.8600;7.6200,4:4;5:14;6:64;7:118;8:145;9:105;10:44;11:5;12:1,
loto,5449,2026-07-09 21:00:00,50,500,0.68,3,8-22-29-32-34-35:3;1-10-22-29-32-34:3;1-3-22-29-34-37:3,4-12-24-33-34-37:0;7-10-28-32-36-41:0;8-9-13-35-38-40:2,0.4800;0.7000;0.6400;0.9000;0.4800;0.4200;0.9400;0.7200;0.8400;0.6800,0:229;1:207;2:59;3:5,0:34;1:17;2:2
loto,5449,2026-07-09 21:00:00,100,500,0.688,3,9-22-23-34-37-38:3;9-22-23-35-36-41:3;1-9-19-22-32-34:3,3-17-18-36-37-41:0;11-21-22-32-34-35:1;2-9-25-33-38-40:1,0.7000;0.7400;0.4800;0.7400;0.5200;0.8800;0.7600;0.6200;0.6200;0.8200,0:236;1:189;2:70;3:5,0:19;1:18;2:2
loto,5449,2026-07-09 21:00:00,250,500,0.664,3,1-22-23-32-33-41:3;1-23-29-33-36-40:3;9-22-29-34-36-41:3,5-6-23-32-34-35:1;3-9-21-33-36-38:1;4-16-22-37-39-40:1,0.7000;0.6000;0.6400;0.5600;0.7600;0.5800;0.4800;0.7200;0.8600;0.7400,0:232;1:211;2:50;3:7,0:26;1:20;2:3;3:1
loto,5449,2026-07-09 21:00:00,500,500,0.612,3,8-9-23-38-39-41:3;1-8-29-34-36-39:3;8-23-29-33-34-40:3,3-11-28-34-38-39:0;8-17-18-35-37-41:1;4-20-27-32-33-36:0,0.5800;0.7600;0.5200;0.5200;0.5800;0.4200;0.6800;0.7000;0.6200;0.7400,0:253;1:193;2:49;3:5,0:21;1:16;2:3
loto,5449,2026-07-09 21:00:00,1000,500,0.632,3,1-22-23-36-37-41:3;1-4-9-22-32-37:3;5-8-22-29-32-33:3,4-6-26-35-37-41:0;9-17-19-34-39-40:1;2-8-29-33-36-38:2,0.5600;0.5800;0.5000;0.4200;0.4200;0.6600;0.7600;0.7600;0.8000;0.8600,0:240;1:209;2:46;3:5,0:35;1:20;2:4
loto,5449,2026-07-09 21:00:00,all,500,0.678,3,1-22-23-34-36-38:3;9-22-28-29-32-39:3;1-8-18-22-35-36:3,8-13-16-35-36-38:1;1-10-14-34-39-40:1;2-17-31-32-37-41:0,0.6400;0.7000;0.7000;0.5400;0.4600;0.6400;0.7200;1.0400;0.7200;0.6200,0:227;1:212;2:56;3:5,0:26;1:22;2:5
loto,5449,2026-07-09 21:00:00,dia,500,0.69,3,1-9-22-34-36-39:3;1-9-29-32-37-38:3;8-9-23-32-35-40:3,3-14-24-34-37-38:0;8-9-25-32-35-41:2;2-15-18-33-39-40:0,0.6600;0.7000;0.6000;0.4600;0.6400;0.5800;0.8600;0.7200;0.8000;0.8800,0:226;1:211;2:55;3:8,0:19;1:16;2:4
loto,5449,2026-07-09 21:00:00,mes,500,0.604,3,1-8-9-32-33-36:3;1-8-9-36-38-40:3;1-8-29-38-40-41:3,4-12-31-32-36-41:0;2-6-14-33-35-38:0;8-16-26-37-39-40:1,0.4200;0.5400;0.5400;0.5200;0.5400;0.5600;0.5000;0.6800;1.0000;0.7400,0:260;1:183;2:52;3:5,0:30;1:13;2:5
kino,3251,2026-07-10,50,500,7.956,12,2-3-6-7-8-9-10-15-17-18-19-20-24-25:12;2-3-4-6-7-8-10-11-12-13-18-21-24-25:11;2-3-4-6-8-9-10-13-18-19-22-23-24-25:11,1-4-5-7-8-10-12-13-15-18-21-22-24-25:8;2-3-6-8-9-11-14-15-16-18-19-20-22-23:8;3-4-7-10-11-13-14-16-17-19-20-22-24-25:8,8.0000;8.0000;8.0800;7.8800;7.8400;8.0400;7.9400;8.0200;7.7000;8.0600,5:10;6:50;7:121;8:150;9:116;10:47;11:5;12:1,
kino,3251,2026-07-10,100,500,7.906,11,2-3-4-7-10-13-14-17-18-19-20-21-24-25:11;1-3-6-7-8-9-12-16-18-19-20-21-24-25:11;2-3-4-5-6-8-9-10-13-18-19-21-23-24:11,1-2-5-7-8-10-13-14-16-17-19-20-22-25:7;3-4-6-7-9-11-12-16-17-18-21-23-24-25:9;1-2-4-6-8-10-12-14-15-17-18-20-21-24:9,7.8800;7.7400;8.0000;8.1000;8.0000;7.9200;7.7200;8.0400;7.7000;7.9600,4:1;5:11;6:46;7:127;8:160;9:109;10:38;11:8,
kino,3251,2026-07-10,250,500,7.832,12,2-3-6-7-8-9-10-15-16-19-20-21-24-25:12;2-4-7-9-10-11-15-16-18-19-20-21-24-25:11;2-3-4-5-6-7-9-10-15-18-19-21-22-24:11,1-2-5-7-8-10-11-13-14-16-17-20-23-25:6;3-4-6-9-10-12-13-15-16-18-21-22-24-25:9;3-4-5-6-7-8-11-12-14-15-18-19-20-25:9,8.2800;7.8200;7.8000;7.4600;7.8400;7.8800;7.7400;7.9000;8.0800;7.5200,5:9;6:52;7:137;8:152;9:120;10:27;11:2;12:1,
kino,3251,2026-07-10,500,500,7.822,11,1-3-4-6-7-9-10-14-15-18-19-21-24-25:11;3-4-6-7-8-9-11-12-16-18-19-20-21-24:11;2-3-4-5-7-8-9-12-17-18-19-21-24-25:11,2-3-5-6-8-10-11-14-15-18-19-21-22-24:9;1-3-4-6-7-9-10-12-13-15-16-18-23-25:8;1-2-4-7-8-11-12-13-17-19-20-21-22-25:8,7.8800;7.7600;7.8000;7.7200;7.8400;7.7000;7.4400;8.0400;8.0000;8.0400,4:1;5:11;6:57;7:142;8:145;9:95;10:38;11:11,
kino,3251,2026-07-10,1000,500,7.776,11,2-4-6-7-9-10-13-15-16-18-19-21-24-25:11;3-6-7-8-9-10-12-14-15-19-20-21-24-25:11;2-3-4-6-7-8-9-13-14-17-18-20-24-25:11,1-2-4-7-10-11-13-14-16-18-19-22-23-25:7;2-3-5-6-8-12-13-15-17-18-20-21-23-24:8;3-4-5-6-9-10-12-14-16-19-20-21-22-23:8,7.8600;7.7600;7.6200;7.7800;7.6600;7.8200;7.9600;7.7400;7.7200;7.8400,4:3;5:15;6:51;7:134;8:162;9:94;10:36;11:5,
kino,3251,2026-07-10,all,500,7.938,12,2-3-5-6-7-9-10-13-18-19-20-21-24-25:12;2-3-4-5-7-9-10-11-16-18-19-21-24-25:11;3-4-5-7-8-9-10-15-18-19-20-21-23-24:11,1-2-4-5-7-11-13-14-16-18-19-21-22-25:7;3-4-6-9-10-12-13-15-17-19-20-22-23-25:8;5-6-8-9-10-11-14-15-16-17-19-21-24-25:8,7.9200;8.1400;7.8600;7.8600;7.9200;7.8800;7.7600;8.0600;8.0600;7.9200,4:1;5:12;6:41;7:136;8:143;9:115;10:45;11:6;12:1,
kino,3251,2026-07-10,dia,500,7.916,11,3-4-6-7-8-10-13-17-18-19-20-21-23-25:11;1-2-3-6-7-8-13-17-18-19-20-21-24-25:11;1-2-3-4-7-8-9-10-15-16-18-19-20-24:11,1-2-4-5-7-9-10-12-15-18-19-22-23-25:8;2-3-6-7-10-11-13-14-16-17-20-21-23-24:8;1-3-5-8-9-11-12-14-16-17-19-20-24-25:7,7.8800;7.7800;7.8000;7.6800;8.0600;7.6400;8.0400;8.3400;7.8400;8.1000,5:9;6:50;7:128;8:155;9:110;10:41;11:7,
kino,3251,2026-07-10,mes,500,7.816,11,1-2-3-4-6-7-9-10-11-16-18-21-24-25:11;2-3-4-8-9-10-11-15-18-20-21-22-24-25:11;1-2-3-7-8-10-14-15-18-19-20-21-24-25:11,1-2-4-5-7-8-10-13-14-18-19-21-24-25:10;1-3-6-7-9-11-12-14-15-17-19-22-23-25:6;1-3-5-6-8-9-11-13-14-16-17-20-21-24:7,7.9200;7.9400;7.9000;7.6000;8.0600;7.9600;7.7800;7.4200;7.6000;7.9800,5:15;6:63;7:117;8:156;9:108;10:35;11:6,
loto,5450,2026-07-12 21:00:00,50,500,0.772,3,1-17-21-34-38-40:3;1-8-31-33-39-40:3;9-11-29-36-39-40:3,5-10-28-34-37-41:0;3-11-12-35-36-38:0;1-14-26-32-39-40:2,0.7600;0.7600;0.6200;0.7200;0.7600;0.8400;0.8000;0.9200;0.8200;0.7200,0:207;1:208;2:77;3:8,0:72;1:45;2:18;3:2
loto,5450,2026-07-12 21:00:00,100,500,0.718,3,1-17-29-34-37-38:3;9-17-30-33-34-40:3;8-17-19-31-40-41:3,1-12-14-32-33-39:1;7-13-18-35-40-41:1;2-6-9-34-36-37:1,0.8000;0.7400;0.5800;0.7000;0.5200;0.7000;0.8000;0.7000;0.7800;0.8600,0:224;1:199;2:71;3:6,0:73;1:44;2:5;3:2
loto,5450,2026-07-12 21:00:00,250,500,0.8,3,1-9-14-33-34-40:3;1-13-31-32-36-40:3;1-7-9-36-38-40:3,11-12-14-32-39-41:0;1-6-26-33-34-37:1;3-17-18-35-38-40:2,0.7400;0.6600;0.8200;0.7800;0.8000;0.8200;1.0200;0.8600;0.7600;0.7400,0:198;1:219;2:68;3:15,0:68;1:54;2:10;3:3
loto,5450,2026-07-12 21:00:00,500,500,0.794,3,1-12-17-35-37-40:3;1-17-30-34-36-40:3;9-24-29-32-40-41:3,1-8-11-34-39-41:1;6-24-25-32-35-38:0;2-5-27-36-37-40:1,0.5000;0.8000;0.7800;0.6000;0.7000;0.9600;0.8600;0.8000;1.0000;0.9400,0:203;1:208;2:78;3:11,0:65;1:58;2:13;3:3
loto,5450,2026-07-12 21:00:00,1000,500,0.764,4,1-9-17-31-36-38:4;1-23-31-33-34-40:3;9-14-17-34-40-41:3,6-10-27-32-37-39:0;5-8-17-34-36-38:1;3-16-21-33-40-41:1,0.7600;0.8400;0.7600;0.5600;0.8000;0.8000;0.8200;0.6200;0.9000;0.7800,0:209;1:211;2:70;3:9;4:1,0:63;1:55;2:12;3:2
loto,5450,2026-07-12 21:00:00,all,500,0.786,3,1-12-31-37-39-40:3;1-4-9-35-38-40:3;3-17-31-32-38-40:3,1-3-30-35-38-40:2;2-19-31-34-36-37:1;5-13-14-32-39-41:0,0.8000;0.8000;0.8000;0.8000;0.7800;0.7200;0.9000;0.7400;0.8000;0.7200,0:211;1:201;2:72;3:16,0:59;1:50;2:19;3:1
loto,5450,2026-07-12 21:00:00,dia,500,0.782,3,1-10-29-33-39-40:3;1-9-18-19-38-40:3;1-5-17-19-38-40:3,1-13-24-32-36-41:1;2-17-22-33-37-39:1;6-20-27-34-35-40:1,0.7200;0.8400;0.6400;0.7600;0.8800;0.6000;0.9400;0.6800;0.8200;0.9400,0:198;1:218;2:79;3:5,0:51;1:52;2:16;3:1
loto,5450,2026-07-12 21:00:00,mes,500,0.774,4,1-17-29-32-36-40:4;1-17-31-36-38-40:4;1-4-17-32-35-40:3,4-7-23-35-36-40:1;2-8-31-32-34-41:1;19-22-28-33-37-39:0,0.8400;0.7000;0.7800;0.9200;0.5800;0.8000;0.7400;0.9000;0.7200;0.7600,0:205;1:212;2:76;3:5;4:2,0:65;1:55;2:17;3:1
kino,3252,2026-07-12,50,500,7.786,11,1-3-5-8-9-10-13-14-16-18-21-22-23-24:11;1-3-4-5-9-10-13-14-15-16-20-21-22-23:11;1-2-3-4-5-8-11-15-16-20-21-22-24-25:11,1-2-4-5-7-10-13-14-16-17-20-21-23-25:7;3-5-6-8-9-10-11-12-14-15-16-19-20-24:9;1-2-4-6-8-11-13-14-18-19-21-22-24-25:7,7.8000;7.8800;7.8600;7.8600;7.9200;8.0400;7.6800;7.6400;7.8000;7.3800,4:1;5:10;6:62;7:132;8:154;9:107;10:26;11:8,
kino,3252,2026-07-12,100,500,7.756,12,1-3-5-6-8-10-11-13-15-16-20-21-23-24:12;1-3-5-6-8-9-11-13-16-17-20-21-23-24:12;1-3-5-6-8-9-13-15-16-19-20-22-23-24:12,2-4-5-7-8-11-12-14-16-17-20-21-23-24:8;1-3-4-6-7-9-10-15-16-18-19-21-22-25:7;2-4-6-8-9-11-13-15-17-19-20-22-24-25:8,7.7000;7.6200;7.9600;7.8800;8.0400;7.7000;7.5200;7.7800;7.9000;7.4600,5:16;6:71;7:135;8:130;9:103;10:38;11:4;12:3,
kino,3252,2026-07-12,250,500,7.734,11,1-2-3-5-9-10-11-13-15-16-20-22-24-25:11;1-2-5-6-9-11-13-15-16-19-20-21-22-24:11;1-3-8-9-10-11-12-13-16-17-20-22-23-24:11,1-3-4-7-8-10-11-13-14-17-18-20-22-25:7;1-2-4-5-7-9-10-12-16-18-19-21-23-24:7;2-3-5-6-8-11-12-15-16-17-19-20-22-23:9,7.7200;7.6000;7.5600;7.5800;7.7800;7.9200;7.8600;7.6000;7.9200;7.8000,4:2;5:12;6:62;7:142;8:149;9:96;10:30;11:7,
kino,3252,2026-07-12,500,500,7.738,11,1-3-5-7-8-11-12-15-16-18-20-21-23-24:11;1-2-3-5-9-10-11-13-15-18-20-21-22-24:11;1-3-4-7-8-11-12-13-15-16-21-22-23-24:11,1-2-5-8-9-11-13-14-16-19-21-22-24-25:10;1-3-4-5-6-7-12-15-17-18-20-21-23-24:8;2-4-6-7-9-10-12-13-15-16-18-19-22-25:5,7.8200;7.5600;7.6200;7.7400;7.8000;7.4800;7.9000;8.0400;7.9000;7.5200,5:13;6:68;7:130;8:153;9:102;10:30;11:4,
kino,3252,2026-07-12,1000,500,7.722,11,2-3-5-8-9-11-13-15-16-19-20-22-23-25:11;1-2-7-8-9-12-13-15-16-20-21-22-23-24:11;1-2-3-5-8-11-12-13-15-16-20-21-24-25:11,1-6-8-10-11-13-14-16-17-19-20-22-23-25:8;1-4-5-7-9-10-12-15-17-18-20-21-23-24:8;2-3-5-7-8-13-14-15-16-18-21-22-24-25:9,7.5800;7.6400;7.6800;7.6800;7.7800;7.9200;7.8600;7.5200;7.8400;7.7200,3:1;4:1;5:16;6:58;7:137;8:156;9:100;10:22;11:9,
kino,3252,2026-07-12,all,500,7.772,11,1-3-5-6-8-9-11-12-14-15-20-21-23-24:11;3-5-6-8-9-11-13-15-16-18-20-21-24-25:11;1-5-7-8-10-11-12-13-15-16-20-21-23-24:11,1-3-5-6-8-9-11-12-14-15-20-21-23-24:11;2-4-5-8-10-13-15-16-17-18-19-22-24-25:7;1-3-4-6-7-9-12-13-17-18-20-22-23-25:7,7.8800;7.9400;7.9600;7.7600;7.8200;7.4200;7.9600;7.8000;7.7000;7.4800,5:22;6:68;7:115;8:143;9:106;10:41;11:5,
kino,3252,2026-07-12,dia,500,7.784,12,1-2-3-5-8-9-13-15-16-18-20-21-23-24:12;1-5-6-8-9-11-13-15-16-18-21-22-24-25:11;2-3-5-8-9-10-12-13-15-16-20-21-22-23:11,1-3-4-6-7-10-11-13-14-17-19-20-22-25:6;1-2-4-5-8-9-12-13-15-16-18-19-21-24:9;1-2-6-7-9-11-12-14-15-17-18-20-23-24:7,7.6000;7.9000;7.7800;7.7800;7.9200;8.1600;7.7400;7.5400;7.6600;7.7600,4:2;5:13;6:59;7:139;8:141;9:106;10:31;11:8;12:1,
kino,3252,2026-07-12,mes,500,7.84,12,1-3-5-6-8-9-11-13-14-16-21-22-23-24:12;3-5-8-9-11-12-13-15-16-17-20-22-23-24:12;4-5-8-9-11-12-13-16-17-20-21-22-23-24:11,1-3-5-7-8-10-12-14-15-19-20-22-23-25:8;2-3-4-6-7-9-11-16-17-18-21-23-24-25:7;1-2-6-8-9-10-11-12-13-15-16-17-20-23:9,7.5400;7.8000;7.8200;8.0800;8.0200;7.7400;7.8800;7.8800;7.8200;7.8200,4:2;5:19;6:57;7:107;8:159;9:113;10:38;11:3;12:2,
loto,5451,2026-07-14 21:00:00,50,500,0.91,3,10-13-17-28-37-41:3;8-10-12-15-40-41:3;13-15-18-26-34-41:3,9-15-19-21-30-38:2;10-13-17-28-37-41:3;7-11-24-26-35-36:0,0.8400;1.0000;0.9800;0.8200;0.9000;1.1400;0.7800;0.9600;0.9200;0.7600,0:173;1:218;2:90;3:19,0:33;1:32;2:10;3:2
loto,5451,2026-07-14 21:00:00,100,500,0.856,3,13-15-16-28-36-41:3;10-13-16-23-24-41:3;8-13-20-29-38-39:3,6-10-22-23-33-38:2;13-15-16-28-36-41:3;1-2-11-14-34-39:0,1.1200;1.0400;0.6000;0.8400;0.7800;0.7800;1.0000;0.7000;0.8200;0.8800,0:191;1:207;2:85;3:17,0:33;1:36;2:10;3:4
loto,5451,2026-07-14 21:00:00,250,500,0.916,4,8-10-11-15-38-41:4;8-10-13-15-25-36:3;10-15-26-32-38-39:3,7-17-18-21-24-30:0;1-4-19-22-34-41:1;3-20-28-31-32-37:1,0.9200;1.0800;0.8400;1.0200;0.8200;0.9200;1.0000;0.7600;0.7600;1.0400,0:168;1:220;2:99;3:12;4:1,0:24;1:35;2:13;3:3
loto,5451,2026-07-14 21:00:00,500,500,0.846,4,7-10-11-15-20-41:4;10-13-19-20-37-38:4;13-15-18-19-40-41:3,13-15-18-19-40-41:3;1-8-11-24-30-38:1;2-12-16-25-27-29:0,1.0000;0.8200;1.0000;0.9800;0.7400;0.8200;0.8000;0.6200;0.9000;0.7800,0:193;1:209;2:82;3:14;4:2,0:37;1:34;2:5;3:1
loto,5451,2026-07-14 21:00:00,1000,500,0.904,3,6-10-13-15-31-40:3;10-13-20-25-34-37:3;1-2-13-38-40-41:3,4-14-21-25-29-31:0;6-8-18-28-35-39:0;7-10-24-26-27-30:1,0.6200;0.7800;0.9800;0.9800;1.0800;1.0800;0.7400;1.0000;0.8000;0.9800,0:158;1:243;2:88;3:11,0:23;1:41;2:7
loto,5451,2026-07-14 21:00:00,all,500,0.844,4,10-13-16-22-38-41:4;11-15-18-20-30-41:3;8-15-20-26-38-39:3,5-13-14-30-33-39:1;6-7-17-18-19-29:0;8-15-24-25-28-41:2,0.7400;0.7200;0.5800;0.9800;0.9400;0.9000;0.6800;0.9600;0.8600;1.0800,0:196;1:203;2:85;3:15;4:1,0:31;1:33;2:12;3:2;4:1
loto,5451,2026-07-14 21:00:00,all_sub,500,0.938,4,10-13-15-30-40-41:4;5-10-11-20-38-41:4;3-10-20-33-38-41:4,1-14-23-24-25-29:0;9-11-12-17-33-38:1;5-6-20-28-34-37:1,1.1000;0.8400;0.9400;0.9200;1.0000;1.1600;0.8600;0.7800;0.8800;0.9000,0:178;1:203;2:95;3:20;4:4,0:28;1:33;2:13
loto,5451,2026-07-14 21:00:00,dia,500,0.93,4,10-13-20-27-35-38:4;1-8-10-23-38-41:3;11-13-18-20-31-41:3,3-5-19-29-30-32:0;11-16-21-22-34-35:0;9-12-14-18-25-26:0,0.7400;0.8200;0.9400;1.2400;1.0000;1.0400;0.8600;1.0000;0.9200;0.7400,0:173;1:213;2:91;3:22;4:1,0:32;1:34;2:11;3:2
loto,5451,2026-07-14 21:00:00,mes,500,0.876,4,10-13-20-21-25-41:4;13-15-20-22-31-41:4;10-13-20-29-31-38:4,11-17-18-25-38-39:1;10-21-27-29-32-35:1;1-5-8-23-26-33:0,0.7600;0.6400;0.8800;0.9800;0.7600;0.9000;0.8800;1.0800;0.8600;1.0200,0:183;1:218;2:80;3:16;4:3,0:27;1:31;2:16;3:2
kino,3253,2026-07-15,50,500,7.888,11,5-6-7-9-10-11-12-13-14-15-17-19-20-24:11;2-5-6-9-10-11-14-16-17-18-19-20-22-23:11;2-3-6-7-8-9-10-12-15-17-18-19-20-22:11,1-3-4-6-7-12-15-16-17-18-19-20-21-23:7;2-3-5-8-9-10-11-12-14-15-18-23-24-25:8;1-4-5-8-9-11-13-16-18-19-20-22-24-25:8,8.1200;7.7600;7.8600;8.3000;7.8000;7.5600;7.8200;8.0000;7.8400;7.8200,4:1;5:11;6:58;7:139;8:129;9:102;10:46;11:14,
kino,3253,2026-07-15,100,500,7.836,11,2-5-7-9-10-11-12-13-16-17-18-19-21-22:11;2-5-6-8-9-10-13-15-16-17-19-20-21-22:11;2-4-5-6-7-9-10-11-13-15-18-19-20-24:11,1-3-6-7-10-12-13-14-15-16-18-19-21-24:7;2-3-4-5-8-9-11-12-14-17-22-23-24-25:7;1-3-5-6-7-8-9-10-15-16-20-22-23-25:7,7.7400;7.9000;7.8400;7.7600;7.6000;7.9000;7.9600;7.7600;7.8800;8.0200,4:1;5:13;6:62;7:120;8:159;9:91;10:48;11:6,
kino,3253,2026-07-15,250,500,7.858,11,4-5-6-7-10-11-12-13-15-17-18-19-20-23:11;2-5-6-7-9-10-11-12-13-15-16-18-19-23:11;3-4-5-6-9-10-12-15-17-18-19-20-22-25:11,2-5-8-9-10-11-14-16-17-18-19-21-22-23:9;1-3-4-7-8-11-12-13-14-15-19-20-24-25:6;1-6-7-9-10-12-14-16-17-18-20-23-24-25:7,7.9400;7.8000;7.7200;7.6600;8.0600;8.0600;7.7000;7.8800;7.8200;7.9400,4:2;5:13;6:49;7:136;8:147;9:108;10:33;11:12,
kino,3253,2026-07-15,500,500,7.914,11,2-3-5-6-9-10-11-13-15-16-17-18-22-23:11;2-3-5-9-10-12-13-16-17-18-19-20-22-24:11;2-6-7-9-10-11-12-13-15-16-17-19-22-24:11,2-3-4-5-6-7-10-13-14-15-17-19-21-22:9;1-3-8-9-11-12-15-16-17-18-20-22-23-25:8;1-5-6-7-8-10-11-12-13-16-18-19-20-21:9,7.9000;7.9000;7.8800;7.8400;7.9800;8.0000;7.7800;7.7200;7.9600;8.1800,4:1;5:10;6:58;7:110;8:165;9:105;10:41;11:10,
kino,3253,2026-07-15,1000,500,7.872,12,2-4-5-6-9-10-11-12-13-15-19-20-22-23:12;2-3-5-9-10-11-12-13-14-15-17-19-20-22:12;2-5-9-10-11-12-13-14-15-16-17-20-22-23:11,2-6-7-8-11-12-13-15-16-18-21-23-24-25:7;3-4-5-6-9-10-12-16-17-19-20-22-23-25:9;1-3-4-5-7-8-9-10-13-14-18-21-22-24:6,7.4600;8.1000;8.0400;7.8000;7.8200;7.8600;8.0200;7.9000;8.0200;7.7000,4:1;5:20;6:49;7:118;8:162;9:98;10:40;11:10;12:2,
kino,3253,2026-07-15,all,500,7.844,12,2-5-8-9-10-11-12-13-15-17-18-19-21-22:12;2-5-7-9-11-12-15-16-17-18-19-20-22-24:11;2-4-5-6-9-10-13-15-18-19-20-21-22-23:11,2-3-9-10-12-13-14-15-16-17-20-22-24-25:9;3-4-5-6-8-10-11-12-15-18-19-20-21-23:9;1-2-5-6-7-11-14-16-18-21-22-23-24-25:6,7.7600;7.8600;7.7600;7.9200;7.5800;7.9200;7.6600;7.9800;7.8600;8.1400,4:2;5:19;6:49;7:124;8:158;9:98;10:40;11:9;12:1,
kino,3253,2026-07-15,all_sub,500,7.844,11,1-4-6-9-10-11-12-13-15-18-19-20-22-24:11;2-3-5-6-9-12-13-15-17-18-19-20-21-24:11;2-5-6-9-10-12-13-16-17-19-20-21-22-25:11,1-4-6-9-10-11-12-13-15-18-19-20-22-24:11;2-3-4-5-7-8-13-14-16-17-19-22-23-25:6;1-3-5-6-7-11-12-14-15-16-17-20-23-24:7,7.8000;7.9200;7.9400;7.6000;7.9200;7.9000;7.6800;7.8800;8.0800;7.7200,3:1;4:1;5:13;6:55;7:128;8:148;9:109;10:36;11:9,
kino,3253,2026-07-15,dia,500,7.908,12,1-2-5-9-10-11-12-13-15-17-18-20-22-25:12;2-5-6-7-9-12-13-14-15-17-18-19-20-22:12;2-5-6-10-11-12-14-15-16-17-19-20-21-22:11,2-4-6-7-8-10-11-13-17-18-20-21-23-25:8;3-5-6-9-10-12-13-14-15-16-19-22-24-25:9;1-2-6-8-9-11-12-15-16-20-21-22-23-24:8,8.1000;7.9800;7.9200;8.1200;7.6000;7.8800;8.0000;7.7200;8.0000;7.7600,4:3;5:9;6:56;7:126;8:141;9:112;10:42;11:9;12:2,
kino,3253,2026-07-15,mes,500,7.902,12,2-3-5-6-9-10-11-12-13-17-19-20-22-24:12;2-3-6-9-10-11-12-13-17-18-19-22-24-25:11;2-6-7-10-11-12-13-14-17-18-19-20-22-25:11,1-4-5-6-9-10-11-12-13-14-15-19-21-22:10;1-3-4-7-8-10-16-17-18-19-20-22-24-25:6;2-5-6-7-8-11-12-13-15-17-18-23-24-25:9,7.8200;7.7600;8.1600;7.6000;8.0200;7.7800;8.1600;8.1600;7.7200;7.8400,5:14;6:52;7:117;8:157;9:116;10:35;11:8;12:1,
kino,3254,2026-07-17,50,500,7.92,11,2-5-7-9-10-13-14-15-16-17-20-21-23-24:11;1-2-6-7-8-9-11-13-15-16-17-18-21-24:11;1-2-3-9-12-13-15-16-17-18-20-21-23-24:11,2-5-6-7-10-12-14-15-17-18-19-20-21-22:9;1-3-4-8-9-12-13-16-18-20-22-23-24-25:7;1-2-3-4-6-9-10-11-14-15-17-22-23-25:7,7.6800;8.0000;8.0400;8.0000;7.8000;7.8000;8.1200;7.9200;8.2600;7.5800,4:2;5:12;6:47;7:128;8:146;9:114;10:41;11:10,
kino,3254,2026-07-17,100,500,7.94,13,1-2-3-6-7-9-13-14-15-16-17-20-21-24:13;2-3-6-7-11-13-14-16-17-18-20-21-24-25:12;2-3-6-7-8-9-13-14-16-18-20-21-23-24:12,2-4-6-7-9-10-11-13-15-17-18-19-20-24:10;2-3-4-8-9-12-14-15-16-18-21-22-23-25:8;1-3-4-6-7-8-11-14-16-17-20-21-24-25:9,8.0400;7.5200;8.1000;7.8800;7.9000;8.1600;7.9800;7.9400;8.2000;7.6800,4:1;5:7;6:59;7:94;8:184;9:114;10:34;11:4;12:2;13:1,
kino,3254,2026-07-17,250,500,7.912,12,2-3-5-6-7-9-14-15-16-17-19-20-21-24:12;1-3-4-6-7-12-13-14-15-16-18-20-21-24:11;1-2-3-6-7-9-11-13-14-16-17-20-23-24:11,1-5-7-8-9-10-12-13-14-16-18-19-21-25:7;2-3-4-6-9-11-15-16-18-20-22-23-24-25:9;2-3-4-7-8-10-11-12-13-16-17-21-22-24:8,7.9600;7.9800;7.7000;8.0600;7.8600;7.7400;8.0400;7.9600;7.9800;7.8400,4:2;5:10;6:55;7:123;8:149;9:109;10:39;11:12;12:1,
kino,3254,2026-07-17,500,500,7.86,11,3-6-7-8-9-10-13-14-15-16-17-20-22-24:11;2-3-4-6-7-10-11-13-15-17-18-20-21-24:11;2-3-4-6-7-9-13-14-15-16-19-21-22-24:11,2-3-4-7-8-9-11-16-18-20-21-23-24-25:9;1-6-8-10-11-12-13-14-15-16-17-19-22-23:6;3-5-6-7-9-10-13-14-15-16-21-22-24-25:10,7.8400;7.8400;7.7200;7.5400;8.0600;7.8200;7.7600;8.0800;7.9400;8.0000,5:11;6:52;7:126;8:161;9:113;10:31;11:6,
kino,3254,2026-07-17,1000,500,7.9,11,2-3-7-8-11-13-14-15-16-18-19-20-21-24:11;2-3-6-7-9-10-13-16-17-18-19-20-21-22:11;2-3-6-7-9-10-12-13-15-16-17-18-21-22:11,2-5-6-8-9-10-13-14-17-19-20-21-23-24:9;1-3-4-7-9-10-11-12-15-16-18-19-20-25:7;1-2-4-7-8-11-13-14-18-19-21-22-24-25:7,7.7800;7.6400;8.1400;8.1600;7.9600;7.7600;7.8000;7.8200;8.1000;7.8400,4:1;5:13;6:46;7:124;8:149;9:131;10:30;11:6,
kino,3254,2026-07-17,all,500,7.802,11,2-3-4-7-9-12-15-16-17-18-20-21-22-24:11;2-5-6-7-9-10-13-14-16-17-20-21-22-24:11;2-3-5-6-9-12-13-14-15-18-20-21-23-24:11,2-3-4-6-8-12-14-15-16-17-19-21-24-25:9;1-5-7-8-10-11-13-16-17-18-20-22-23-24:7;3-4-5-6-7-9-13-14-15-16-18-21-22-23:10,7.7400;7.8800;7.7400;7.6000;7.7000;7.7200;7.7400;8.0200;8.0600;7.8200,4:1;5:13;6:51;7:131;8:167;9:103;10:28;11:6,
kino,3254,2026-07-17,all_sub,500,7.854,11,2-3-6-9-11-13-14-16-17-18-19-21-24-25:11;1-3-5-6-9-12-14-15-16-17-18-20-21-24:11;2-3-5-6-8-9-13-15-17-18-20-21-23-24:11,2-3-4-5-7-11-12-14-16-17-20-22-23-25:7;1-2-7-8-9-10-13-14-15-16-18-19-21-24:10;1-3-6-8-9-10-11-15-16-17-22-23-24-25:7,7.9600;7.8400;7.5200;7.9200;7.9200;8.0200;7.8400;7.8200;7.7800;7.9200,4:1;5:11;6:50;7:131;8:158;9:108;10:36;11:5,
kino,3254,2026-07-17,dia,500,7.774,11,1-2-7-9-10-13-14-15-16-18-19-20-21-24:11;1-2-3-6-7-9-13-14-15-18-21-22-23-24:11;2-3-7-8-9-11-14-16-17-18-20-21-22-24:11,1-2-4-5-7-11-13-14-17-18-19-22-24-25:7;3-6-8-9-10-11-12-13-14-15-20-21-23-24:9;1-3-4-6-7-10-12-15-16-17-18-19-20-25:8,7.7600;8.0800;7.4600;7.7600;7.7400;7.7000;7.7800;7.8200;7.8000;7.8400,4:1;5:11;6:65;7:133;8:149;9:104;10:28;11:9,
kino,3254,2026-07-17,mes,500,7.892,13,2-3-6-7-9-11-13-14-15-16-17-20-21-24:13;2-3-4-6-7-8-14-15-16-17-18-20-21-23:11;1-6-7-8-9-13-14-16-17-18-20-21-24-25:11,1-2-3-5-6-8-10-12-14-15-20-21-22-23:7;4-6-7-10-11-13-14-16-17-18-19-21-24-25:9;2-4-5-8-9-10-11-13-15-18-19-22-23-25:5,7.7600;8.0200;7.9800;8.0400;7.3400;8.0600;7.9000;8.2200;7.9000;7.7000,5:10;6:57;7:116;8:170;9:98;10:41;11:7;13:1,
loto,5452,2026-07-16 21:00:00,50,500,0.848,4,4-15-17-28-29-35:4;4-7-12-23-40-41:3;4-9-23-28-39-41:3,6-19-22-25-35-39:1;3-10-13-21-29-34:0;2-7-23-28-30-33:2,0.7800;0.9200;0.8600;1.0200;0.8200;0.6800;0.8000;0.7000;0.8200;1.0800,0:180;1:235;2:67;3:17;4:1,0:38;1:29;2:11;3:4
loto,5452,2026-07-16 21:00:00,100,500,0.79,4,6-7-15-23-28-35:4;3-14-15-29-35-40:3;4-20-21-23-38-40:3,12-21-22-23-26-32:1;2-9-29-30-34-37:0;7-8-10-20-25-35:1,0.8200;0.8800;0.8600;0.9000;0.6200;0.8400;0.6600;0.7200;0.8200;0.7800,0:199;1:218;2:73;3:9;4:1,0:30;1:39;2:11;3:2
loto,5452,2026-07-16 21:00:00,250,500,0.912,4,4-11-15-29-35-40:4;5-15-16-28-35-40:4;9-15-22-23-28-41:3,3-4-19-27-28-32:2;6-9-16-21-24-39:0;7-8-18-22-31-40:1,0.7000;0.9400;0.9000;0.9000;1.1000;0.9200;0.6600;1.0600;1.0400;0.9000,0:174;1:219;2:86;3:19;4:2,0:36;1:33;2:12;3:5
loto,5452,2026-07-16 21:00:00,500,500,0.924,4,4-7-10-15-23-35:4;4-19-23-28-33-40:4;15-16-20-23-28-35:4,5-10-14-18-23-41:1;7-16-17-21-28-36:1;11-12-20-27-31-38:0,0.8800;1.0000;1.2000;0.7400;1.0600;0.7600;0.8800;0.7400;1.0800;0.9000,0:176;1:215;2:83;3:23;4:3,0:31;1:30;2:13;3:3
loto,5452,2026-07-16 21:00:00,1000,500,0.88,4,4-18-19-23-28-35:4;3-16-21-23-28-40:3;1-6-13-23-28-40:3,4-10-23-34-38-39:2;7-18-21-22-24-25:0;6-17-20-27-32-35:1,1.0600;0.8800;0.9000;0.9000;0.7000;0.8400;0.8200;0.8800;0.7400;1.0800,0:177;1:221;2:88;3:13;4:1,0:36;1:32;2:9
loto,5452,2026-07-16 21:00:00,all,500,0.874,3,4-12-23-29-35-41:3;8-9-12-15-23-35:3;4-6-16-17-35-40:3,13-15-17-19-38-40:2;10-20-22-33-36-37:0;2-8-21-24-34-41:0,0.8000;0.9200;0.7200;0.9600;0.8200;0.9200;0.9000;0.8400;0.9000;0.9600,0:180;1:218;2:87;3:15,0:25;1:36;2:13;3:1
loto,5452,2026-07-16 21:00:00,all_sub,500,0.942,3,3-4-15-27-28-41:3;13-15-18-26-28-40:3;17-20-23-28-35-38:3,11-22-23-32-35-38:2;2-7-13-18-29-31:0;3-4-15-27-28-41:3,0.8200;0.7800;1.0400;0.9400;0.9800;0.9000;0.8800;1.1000;0.9800;1.0000,0:154;1:234;2:99;3:13,0:19;1:31;2:11
loto,5452,2026-07-16 21:00:00,dia,500,0.882,3,4-13-14-23-35-36:3;3-4-21-28-40-41:3;10-23-28-29-34-35:3,2-4-9-13-36-37:1;12-18-24-31-33-34:0;16-17-20-21-25-41:0,0.8400;0.8400;0.8800;1.0200;0.8000;0.8200;0.8600;0.9600;0.9200;0.8800,0:183;1:205;2:100;3:12,0:26;1:39;2:11
loto,5452,2026-07-16 21:00:00,mes,500,0.894,3,8-17-22-23-28-35:3;4-14-15-26-28-33:3;1-14-23-28-33-35:3,4-10-21-23-33-39:2;2-9-26-31-32-40:1;13-19-20-22-25-30:0,0.9400;0.9400;0.8600;0.9400;0.9000;1.0200;0.7800;0.7800;0.8600;0.9200,0:177;1:218;2:86;3:19,0:25;1:34;2:8;3:1
kino,3255,2026-07-19,50,500,7.744,11,1-4-5-7-8-10-11-14-15-16-17-19-22-25:11;1-2-5-7-8-10-11-14-16-17-18-19-24-25:10;1-5-9-10-12-13-14-16-17-18-19-22-23-24:10,1-2-5-6-7-8-10-14-15-16-17-20-21-22:8;2-4-6-9-11-12-13-15-16-18-19-23-24-25:7;1-3-4-6-7-8-9-11-14-17-19-22-23-24:9,7.7400;7.5800;7.7400;7.8200;7.6600;7.7200;7.9800;7.4800;7.7000;8.0200,4:1;5:19;6:57;7:121;8:166;9:105;10:30;11:1,
kino,3255,2026-07-19,100,500,7.698,11,1-5-6-8-9-11-12-14-16-17-18-19-23-25:11;1-5-9-11-12-13-14-16-17-18-19-20-22-23:11;1-4-5-7-8-9-11-12-14-16-17-19-23-24:11,1-2-3-6-10-11-13-14-18-19-20-21-22-23:7;1-2-4-5-7-8-12-14-16-17-18-19-24-25:10;2-3-4-6-7-9-10-11-12-15-18-22-24-25:5,7.5200;7.8000;7.5000;7.9400;7.9600;7.7600;7.7200;7.4800;7.6000;7.7000,4:3;5:12;6:77;7:126;8:145;9:104;10:26;11:7,
kino,3255,2026-07-19,250,500,7.816,12,1-2-5-6-8-11-12-13-14-16-17-22-23-25:12;1-5-7-8-11-12-14-16-17-18-19-21-22-25:12;1-2-5-7-10-11-12-14-16-19-21-22-23-25:11,2-3-4-6-7-8-9-10-15-16-18-19-22-23:6;1-3-5-6-8-11-12-13-14-17-19-20-21-24:9;1-2-4-7-8-11-13-14-15-17-20-22-23-25:10,7.7200;7.6200;8.0200;7.7400;7.9800;7.7000;7.8200;7.7800;7.9000;7.8800,4:1;5:10;6:57;7:143;8:145;9:102;10:31;11:9;12:2,
kino,3255,2026-07-19,500,500,7.75,11,1-4-8-10-11-12-13-14-16-17-19-22-23-24:11;1-2-5-7-8-10-11-14-16-18-19-22-23-25:11;1-6-7-8-10-11-14-16-17-19-20-21-22-25:10,2-3-5-7-9-11-12-13-16-17-18-19-22-24:9;1-3-4-8-10-13-14-15-17-20-21-23-24-25:7;4-5-6-7-8-10-11-15-16-17-18-20-22-23:8,7.7600;7.6800;7.7600;7.7000;7.3000;7.9000;7.6800;8.0400;7.7800;7.9000,4:7;5:18;6:50;7:137;8:143;9:98;10:45;11:2,
kino,3255,2026-07-19,1000,500,7.774,11,1-3-6-7-8-11-12-13-16-17-18-19-22-25:11;4-5-6-7-8-11-13-14-16-17-20-22-23-25:11;1-5-7-8-9-10-12-13-14-19-20-22-23-25:11,1-3-8-10-11-13-15-16-18-19-20-23-24-25:8;2-3-4-5-6-7-9-11-14-17-18-21-22-24:6;1-2-3-6-9-10-12-13-14-16-21-22-23-25:8,8.0000;7.7000;7.7600;7.8600;7.7800;7.8600;7.8000;7.7400;7.5600;7.6800,4:1;5:18;6:55;7:140;8:146;9:94;10:37;11:9,
kino,3255,2026-07-19,all,500,7.774,11,4-5-7-8-9-10-11-13-14-16-17-22-23-25:11;1-2-4-5-7-8-9-11-12-16-17-19-22-25:11;1-5-7-8-10-11-13-14-15-16-18-22-23-25:11,2-5-6-7-8-12-13-14-17-20-21-23-24-25:9;1-3-4-7-9-10-13-14-15-16-18-19-21-24:6;1-2-5-8-10-11-12-15-16-17-18-19-22-23:10,7.8000;8.0000;7.5800;7.9000;7.7800;7.7000;7.5400;8.0000;7.5200;7.9200,4:2;5:19;6:55;7:139;8:138;9:104;10:32;11:11,
kino,3255,2026-07-19,all_sub,500,7.72,11,1-2-4-5-8-11-12-13-14-15-17-19-22-25:11;1-5-8-10-11-14-15-16-17-18-19-22-23-25:11;1-4-5-7-8-12-14-15-16-17-21-22-23-25:11,1-6-7-8-9-12-13-14-15-16-18-19-22-25:10;2-3-4-5-6-9-10-11-16-17-20-23-24-25:6;1-2-5-7-8-9-10-12-14-17-19-20-21-24:8,7.9600;7.4800;8.1600;7.8600;7.6800;7.8000;7.4800;7.5600;7.6800;7.5400,4:3;5:16;6:66;7:138;8:129;9:109;10:36;11:3,
kino,3255,2026-07-19,dia,500,7.788,11,1-5-7-8-10-12-13-15-16-17-18-19-22-23:11;1-5-6-8-10-12-13-14-16-17-20-22-23-25:11;1-5-6-7-8-9-11-12-16-17-19-20-22-25:11,2-3-4-5-8-10-12-14-15-19-20-23-24-25:7;1-2-6-7-8-9-11-13-15-18-19-20-21-22:7;1-3-4-7-8-9-11-12-13-14-16-22-24-25:10,7.8800;7.8400;7.7800;7.5800;7.5800;8.2000;7.9200;7.9200;7.6000;7.5800,4:1;5:12;6:58;7:141;8:151;9:89;10:42;11:6,
kino,3255,2026-07-19,mes,500,7.708,12,1-4-5-6-7-8-11-12-14-17-19-22-23-25:12;1-5-6-7-8-10-11-12-13-14-16-19-21-23:11;2-5-6-7-11-13-14-16-17-19-22-23-24-25:11,2-3-5-7-10-11-12-14-15-16-20-23-24-25:8;1-4-6-7-9-12-13-16-17-18-19-21-22-24:8;3-6-7-8-9-10-11-14-15-17-18-19-22-25:8,7.5800;7.6200;7.6000;7.7200;7.8600;7.8200;7.5800;7.7400;7.6200;7.9400,5:18;6:65;7:130;8:159;9:96;10:25;11:6;12:1,
loto,5453,2026-07-19 21:00:00,50,500,0.85,5,9-11-12-14-20-40:5;3-11-17-20-25-40:4;2-9-11-13-20-40:4,7-12-19-22-39-41:1;5-16-27-31-34-38:0;13-14-21-28-29-33:0,0.9600;0.8200;0.7600;0.9400;0.6600;0.9600;0.7000;0.8200;0.8800;1.0000,0:194;1:207;2:83;3:13;4:2;5:1,0:41;1:29;2:11;3:1
loto,5453,2026-07-19 21:00:00,100,500,0.894,4,3-12-20-27-33-40:4;11-14-20-22-29-40:3;11-12-20-25-27-39:3,7-10-11-18-26-29:1;5-16-30-31-34-37:0;14-20-24-27-32-33:1,1.0000;0.9400;0.8400;0.9000;0.7000;0.8600;0.8600;0.9800;0.9400;0.9200,0:169;1:230;2:87;3:13;4:1,0:34;1:31;2:7
loto,5453,2026-07-19 21:00:00,250,500,0.834,4,9-11-12-19-20-33:4;3-9-12-20-30-36:4;1-11-12-19-20-38:3,3-9-18-25-37-38:2;1-11-20-24-35-36:2;7-19-30-32-34-39:0,0.7600;1.0000;0.9400;0.7600;0.8000;0.8600;0.8400;0.7000;0.8800;0.8000,0:201;1:193;2:96;3:8;4:2,0:36;1:32;2:15
loto,5453,2026-07-19 21:00:00,500,500,0.888,3,5-9-12-20-28-41:3;3-6-20-23-38-40:3;9-20-21-23-27-40:3,8-9-12-25-31-41:2;1-14-20-24-33-37:1;7-13-32-34-35-36:0,1.0600;0.7800;1.0200;0.8000;0.8400;0.6800;0.8400;1.0600;0.7200;1.0800,0:173;1:223;2:91;3:13,0:32;1:42;2:10
loto,5453,2026-07-19 21:00:00,1000,500,0.846,4,3-9-12-15-36-40:4;4-11-20-29-30-40:3;2-5-11-12-33-40:3,4-11-20-29-30-40:3;2-3-16-17-27-34:1;7-10-13-18-25-39:0,0.8200;0.6800;0.8800;0.8800;0.9200;0.8800;0.7800;0.9400;0.8400;0.8400,0:188;1:216;2:82;3:13;4:1,0:31;1:40;2:6;3:1
loto,5453,2026-07-19 21:00:00,all,500,0.886,5,3-9-11-20-39-40:5;9-12-17-22-27-40:3;9-10-11-12-17-36:3,4-5-18-19-25-30:0;2-22-26-29-32-41:0;3-7-14-27-31-34:1,0.7600;0.9800;1.0400;0.8200;0.9600;0.7600;0.8800;0.8600;0.8200;0.9800,0:189;1:205;2:82;3:23;5:1,0:37;1:33;2:11;3:4
loto,5453,2026-07-19 21:00:00,all_sub,500,0.842,5,3-9-11-12-20-37:5;3-12-16-20-37-40:4;1-3-12-13-30-40:3,6-13-16-21-36-40:1;12-15-25-29-31-38:1;1-2-8-27-28-30:0,0.8800;0.8400;0.8400;0.7400;0.7000;0.6200;0.9400;1.0200;0.8400;1.0000,0:198;1:201;2:86;3:13;4:1;5:1,0:30;1:25;2:13;3:1
loto,5453,2026-07-19 21:00:00,dia,500,0.896,4,3-11-12-20-23-33:4;1-11-12-20-25-37:3;3-9-11-14-29-38:3,5-6-11-28-40-41:2;4-8-14-21-25-33:0;3-10-12-15-31-34:2,0.9000;0.9800;0.8200;0.8400;0.9200;0.8400;1.1400;0.9600;0.9400;0.6200,0:177;1:219;2:84;3:19;4:1,0:21;1:38;2:10;3:2
loto,5453,2026-07-19 21:00:00,mes,500,0.838,3,9-11-12-24-27-39:3;3-9-11-22-26-36:3;3-7-17-20-26-40:3,5-8-13-27-28-35:0;4-9-16-29-36-38:1;1-14-20-23-31-37:1,0.8200;0.8600;0.7400;0.8000;0.6600;0.8600;0.6800;1.0600;0.8600;1.0400,0:187;1:217;2:86;3:10,0:40;1:33;2:10;3:1
loto,5454,2026-07-21 21:00:00,50,500,0.908,4,11-12-17-18-20-28:4;11-16-17-21-24-28:4;1-16-17-18-22-28:3,5-8-11-14-26-36:1;2-4-16-18-29-39:1;6-12-23-33-35-41:0,0.8400;0.9200;0.9000;1.0400;0.8400;0.8800;0.9000;0.9200;0.9600;0.8800,0:176;1:213;2:94;3:15;4:2,0:23;1:31;2:5;3:1
loto,5454,2026-07-21 21:00:00,100,500,0.888,4,11-16-17-20-23-38:4;9-11-13-16-28-31:4;2-9-11-28-29-31:3,7-10-23-26-27-40:0;5-12-18-21-32-37:0;1-9-15-16-22-39:1,0.8000;0.7000;0.9000;1.2200;0.9800;0.7200;0.8600;0.9000;0.8400;0.9600,0:188;1:201;2:92;3:17;4:2,0:28;1:29;2:8;3:1
loto,5454,2026-07-21 21:00:00,250,500,0.908,4,8-11-17-20-28-34:4;2-11-16-18-28-41:3;3-17-18-28-31-39:3,7-10-14-17-23-28:2;5-15-18-21-29-40:0;9-12-25-31-32-37:1,0.8600;0.9200;0.9000;0.7400;1.1400;0.8400;0.7600;0.9400;0.8200;1.1600,0:169;1:227;2:86;3:17;4:1,0:27;1:35;2:7;3:3
loto,5454,2026-07-21 21:00:00,500,500,0.88,3,2-5-11-20-31-41:3;3-13-16-28-31-38:3;2-15-17-20-25-28:3,2-8-9-32-37-41:0;10-13-23-27-29-38:0;14-22-24-25-31-36:1,0.7600;0.8200;0.7600;0.9800;1.2000;0.8400;0.7800;0.8800;0.8800;0.9000,0:175;1:223;2:89;3:13,0:22;1:22;2:9;3:2
loto,5454,2026-07-21 21:00:00,1000,500,0.88,3,17-19-25-28-31-32:3;3-17-20-22-31-36:3;7-11-16-31-35-36:3,1-2-5-23-30-39:0;7-9-16-22-26-28:2;12-17-24-31-32-38:2,0.8600;0.8600;0.8600;0.8200;0.8200;0.9800;0.7200;0.9400;0.9400;1.0000,0:182;1:212;2:90;3:16,0:26;1:22;2:10;3:2
loto,5454,2026-07-21 21:00:00,all,500,0.886,3,2-3-11-16-31-32:3;14-16-18-28-31-33:3;11-16-20-23-25-35:3,2-17-22-23-27-28:2;7-19-21-34-37-38:0;5-8-16-20-30-35:2,0.9400;0.8600;0.8200;1.0200;0.9000;0.8200;0.8800;0.8600;0.8600;0.9000,0:176;1:223;2:83;3:18,0:36;1:22;2:14
loto,5454,2026-07-21 21:00:00,all_sub,500,0.932,3,11-20-21-26-27-28:3;13-16-20-31-37-40:3;6-8-16-28-31-39:3,4-11-16-18-30-33:2;3-10-13-14-31-37:1;8-17-24-28-36-41:2,0.9800;1.0400;0.8600;0.7200;1.2000;0.8800;0.7400;1.1200;0.7400;1.0400,0:176;1:200;2:106;3:18,0:32;1:27;2:10;3:5
loto,5454,2026-07-21 21:00:00,dia,500,0.938,4,6-16-17-28-31-32:4;3-11-17-20-26-29:3;3-14-16-17-20-30:3,5-8-9-18-19-34:0;15-20-23-26-35-40:1;1-7-13-22-25-36:0,0.9200;0.8400;1.1000;1.0000;0.9600;0.9000;1.0600;1.0000;0.8200;0.7800,0:170;1:211;2:100;3:18;4:1,0:23;1:28;2:10
loto,5454,2026-07-21 21:00:00,mes,500,0.922,3,4-17-20-24-28-33:3;6-11-14-17-22-31:3;8-11-16-30-31-36:3,2-4-6-24-35-37:0;1-11-14-18-31-33:2;9-16-21-23-29-30:1,0.9200;0.8800;0.9600;0.9600;0.8800;0.9800;0.8200;0.8600;0.9200;1.0400,0:168;1:222;2:91;3:19,0:29;1:22;2:9;3:1
kino,3256,2026-07-22,50,500,7.978,11,2-3-4-5-8-12-13-14-15-16-19-20-23-25:11;2-3-4-5-6-7-8-12-13-15-20-22-23-25:11;2-3-8-11-12-13-14-15-16-19-20-22-23-25:11,1-2-3-6-7-11-12-15-16-17-18-22-23-24:7;2-4-5-8-9-10-11-14-15-17-19-21-24-25:7;1-3-7-8-9-12-14-16-18-19-20-21-23-25:8,7.9200;7.9200;8.3400;7.9600;7.8400;8.0200;7.8800;8.1000;7.8800;7.9200,4:1;5:6;6:42;7:116;8:172;9:120;10:38;11:5,
kino,3256,2026-07-22,100,500,7.87,11,1-2-4-6-8-9-13-14-15-18-21-22-23-25:11;2-3-4-5-6-8-9-12-13-14-18-22-23-25:11;2-3-4-6-8-9-12-13-14-15-19-20-21-23:11,1-3-4-8-9-10-11-14-15-16-17-22-23-24:8;2-3-5-6-7-10-13-14-18-19-20-21-22-25:7;2-3-4-5-8-9-11-12-13-15-20-21-24-25:9,7.8400;8.0400;7.9000;8.0000;8.0400;7.7400;8.0800;7.7600;7.8600;7.4400,5:13;6:50;7:128;8:162;9:98;10:43;11:6,
kino,3256,2026-07-22,250,500,7.822,11,2-3-4-5-7-8-9-14-15-16-20-22-23-25:11;2-3-4-5-8-9-12-13-14-15-19-20-23-25:11;2-3-4-6-7-8-9-12-13-14-16-19-22-25:11,1-2-3-6-7-10-11-13-16-18-19-21-22-23:6;1-2-4-8-9-12-14-15-17-19-20-22-24-25:10;3-4-5-6-7-8-11-13-14-15-16-19-20-24:8,7.9200;7.8400;7.6200;7.8400;7.7200;7.8200;7.7200;8.0600;7.9400;7.7400,5:13;6:58;7:118;8:173;9:97;10:36;11:5,
kino,3256,2026-07-22,500,500,7.982,11,2-4-6-7-8-9-10-12-14-15-19-20-23-25:11;1-2-4-7-8-9-12-13-14-15-16-19-22-23:11;1-2-4-5-8-9-11-12-13-14-15-20-22-25:11,1-5-7-8-10-11-13-16-17-18-20-23-24-25:6;1-2-3-4-6-9-12-14-15-16-18-19-21-22:9;3-6-8-9-10-11-12-14-17-19-20-22-23-25:9,8.2200;8.1600;8.0000;7.9400;7.9600;8.0200;7.7800;8.1200;7.8200;7.8000,5:7;6:50;7:109;8:171;9:111;10:46;11:6,
kino,3256,2026-07-22,1000,500,7.918,12,1-4-6-8-9-11-12-13-14-15-16-20-22-25:12;2-4-8-9-10-12-13-14-16-17-19-22-23-25:11;1-2-6-8-12-14-15-16-17-20-21-22-23-25:11,4-5-6-7-8-9-10-12-13-16-21-22-23-25:10;1-3-4-5-11-12-14-15-17-18-19-20-21-24:5;2-3-5-6-7-9-14-15-16-17-18-22-24-25:8,8.0400;7.8800;7.9800;7.9200;7.8400;7.9600;7.8000;8.0600;7.9400;7.7600,4:1;5:10;6:42;7:128;8:173;9:92;10:50;11:3;12:1,
kino,3256,2026-07-22,all,500,8.024,12,2-5-6-8-9-10-13-14-15-16-20-22-23-25:12;1-2-4-6-8-9-12-13-15-19-20-22-23-25:12;2-3-4-6-7-8-9-12-13-14-20-21-23-25:11,2-4-7-8-10-11-12-14-15-18-19-23-24-25:8;1-3-5-6-10-11-13-16-17-18-19-20-21-22:5;1-2-4-7-8-9-13-15-16-20-21-22-23-24:10,8.1000;7.8200;8.2800;7.7800;8.1600;8.0200;7.9400;7.9600;8.1200;8.0600,5:16;6:40;7:106;8:163;9:118;10:45;11:10;12:2,
kino,3256,2026-07-22,all_sub,500,7.866,11,2-4-5-6-9-11-12-13-14-16-19-20-23-25:11;2-3-4-5-6-7-12-13-14-15-16-20-22-25:11;1-2-4-5-6-8-9-12-13-15-16-22-23-24:11,1-4-5-9-10-11-12-14-15-16-18-20-23-25:9;2-3-5-6-7-8-13-16-17-19-21-22-24-25:7;1-2-3-7-8-10-11-12-13-14-17-18-20-24:6,7.7800;7.8400;7.7000;8.0400;7.7800;7.7000;7.8400;8.2200;7.8800;7.8800,4:2;5:9;6:51;7:127;8:167;9:98;10:39;11:7,
kino,3256,2026-07-22,dia,500,7.936,11,2-3-4-6-9-12-13-14-16-17-18-20-23-25:11;2-3-4-5-8-9-11-13-14-15-16-20-22-25:11;3-4-8-9-11-12-13-14-15-20-21-22-23-25:11,3-5-6-9-11-14-15-16-17-18-19-20-23-24:7;1-2-3-4-7-8-11-12-13-17-20-21-22-25:8;1-5-7-8-10-11-12-14-15-16-21-23-24-25:7,8.0000;8.1800;7.9800;7.7000;8.0600;8.0000;7.8400;7.7800;8.0000;7.8200,5:10;6:45;7:119;8:169;9:117;10:30;11:10,
kino,3256,2026-07-22,mes,500,7.858,12,2-4-5-6-8-9-12-13-14-16-21-22-23-25:12;3-6-7-8-9-12-14-15-16-19-20-22-23-25:11;4-5-6-8-9-10-13-14-15-16-20-21-22-23:11,1-2-3-5-8-10-11-12-15-17-18-20-21-23:6;1-3-4-6-7-9-12-13-14-19-20-22-24-25:9;1-2-4-7-9-10-15-16-17-19-21-22-23-24:7,8.0000;7.5200;7.6000;7.9000;7.7600;7.8600;7.7400;7.9000;8.2600;8.0400,4:1;5:7;6:62;7:128;8:152;9:106;10:33;11:10;12:1,
kino,3257,2026-07-24,50,500,7.904,11,2-3-6-9-11-13-14-15-17-18-19-22-24-25:11;1-5-9-10-11-13-14-16-17-18-19-22-23-24:11;2-3-4-9-10-11-12-13-17-19-20-22-23-24:11,3-6-7-8-9-11-12-14-15-17-21-22-23-24:10;1-2-4-5-9-10-13-15-16-18-19-20-23-24:8;2-4-5-7-12-14-15-16-17-18-20-21-22-25:6,7.9600;7.8400;7.8200;7.6800;7.6800;8.1800;8.0400;7.7600;7.9600;8.1200,4:1;5:9;6:60;7:110;8:166;9:104;10:41;11:9,
kino,3257,2026-07-24,100,500,7.778,11,5-6-8-10-11-12-13-14-15-17-18-22-23-24:11;2-3-4-7-9-10-11-14-15-17-18-19-22-24:11;2-3-4-8-9-11-13-17-18-19-22-23-24-25:10,1-3-4-5-10-11-12-14-15-16-19-21-23-24:9;2-6-7-9-12-13-14-16-17-18-19-20-22-25:8;2-4-5-7-8-10-11-13-16-17-20-21-24-25:5,8.0000;7.9400;7.7600;7.5800;7.8200;7.6200;7.7000;7.8800;7.7400;7.7400,4:2;5:8;6:63;7:123;8:168;9:104;10:30;11:2,
kino,3257,2026-07-24,250,500,7.678,12,3-6-7-9-10-12-13-14-17-18-19-22-23-24:12;1-3-4-6-9-10-12-13-14-17-18-19-22-24:11;2-3-5-6-9-10-11-12-13-14-15-17-22-23:11,1-4-6-7-8-10-11-15-17-18-20-22-23-24:8;2-3-4-5-8-9-12-13-14-17-19-21-22-25:8;2-4-6-7-10-12-13-14-15-16-19-20-21-23:7,7.6000;7.6600;7.5200;7.5000;7.6600;7.9000;7.7000;7.6400;7.8800;7.7200,5:13;6:70;7:145;8:148;9:90;10:30;11:3;12:1,
kino,3257,2026-07-24,500,500,7.868,11,3-6-8-9-10-12-13-14-16-17-18-19-23-24:11;2-3-7-9-10-11-12-13-14-17-18-19-20-22:11;2-3-5-10-11-12-13-14-15-18-20-22-23-24:11,1-4-6-10-11-12-14-16-17-18-19-20-21-25:7;2-3-4-5-6-8-9-12-13-15-20-22-23-24:8;1-2-4-5-7-8-10-14-15-16-18-22-23-25:6,7.7800;7.8000;7.8600;7.5800;7.8400;7.7400;7.9600;8.1600;8.1000;7.8600,4:2;5:12;6:47;7:130;8:154;9:111;10:41;11:3,
kino,3257,2026-07-24,1000,500,7.842,11,2-6-8-9-11-12-13-14-15-17-18-19-22-24:11;3-4-6-9-10-11-12-15-17-18-19-21-23-24:11;3-5-6-7-9-10-11-12-13-15-17-18-20-24:10,1-2-5-6-8-9-11-12-13-17-18-19-20-22:8;3-4-5-7-11-12-14-15-16-18-21-23-24-25:8;2-4-8-9-10-14-15-16-17-19-21-22-23-25:8,7.6200;7.9400;7.8000;8.3400;8.0000;7.6000;7.8000;7.8200;7.8000;7.7000,4:1;5:10;6:59;7:117;8:170;9:98;10:43;11:2,
kino,3257,2026-07-24,all,500,7.95,11,2-3-5-6-9-10-11-13-14-15-17-18-23-24:11;1-3-7-8-9-10-12-13-14-15-18-22-23-24:11;1-2-3-8-9-10-11-12-13-14-17-19-23-24:11,4-6-7-8-9-10-13-14-15-17-20-21-22-23:8;1-2-5-7-8-11-12-16-17-18-19-23-24-25:7;2-3-5-9-10-11-13-14-17-18-20-21-24-25:9,8.0600;7.8400;8.0400;7.9000;8.1800;7.7800;8.0800;7.7800;7.8600;7.9800,4:2;5:9;6:35;7:123;8:171;9:120;10:37;11:3,
kino,3257,2026-07-24,all_sub,500,7.798,12,3-4-10-11-12-13-14-15-17-18-19-21-23-24:12;1-3-9-10-11-12-13-14-16-17-18-19-21-22:11;3-4-9-10-11-12-13-14-15-16-18-19-21-22:11,2-5-6-10-11-13-14-16-17-19-20-23-24-25:8;1-3-4-5-7-8-9-13-16-18-20-21-22-23:6;2-3-4-6-7-9-10-12-13-14-17-18-22-25:9,7.7800;7.9800;7.8600;7.6600;7.9800;7.7000;7.7800;7.8600;7.3400;8.0400,4:1;5:10;6:59;7:137;8:152;9:101;10:34;11:5;12:1,
kino,3257,2026-07-24,dia,500,7.812,11,2-3-4-6-9-10-13-15-17-18-19-22-23-24:11;1-2-3-7-9-10-11-12-14-15-17-18-22-24:11;3-4-6-7-9-10-12-13-14-17-18-19-22-23:11,1-2-6-7-9-10-11-15-16-18-19-20-24-25:7;2-3-4-5-8-12-13-14-15-17-19-20-21-22:8;1-4-7-9-11-12-13-14-18-20-21-22-23-24:9,7.5600;7.9600;8.0600;7.4200;7.8400;7.7200;8.0600;7.7000;7.8200;7.9800,5:7;6:60;7:130;8:163;9:107;10:29;11:4,
kino,3257,2026-07-24,mes,500,7.736,11,2-3-8-10-11-13-14-15-16-17-19-22-23-24:11;3-6-7-9-10-11-12-17-18-19-20-22-23-24:11;4-6-9-10-11-12-13-14-17-18-21-22-23-24:11,5-6-7-8-10-11-14-16-17-19-20-21-22-25:6;1-2-3-4-6-9-12-13-15-16-18-19-24-25:8;1-2-5-8-9-10-11-12-14-15-20-23-24-25:8,7.8000;7.4800;7.9400;7.6200;7.5800;7.8200;7.6400;7.6200;8.2200;7.6400,5:21;6:50;7:149;8:145;9:94;10:37;11:4,
loto,5455,2026-07-23 21:00:00,50,500,0.908,4,5-11-19-26-33-36:4;2-12-18-21-26-33:3;2-3-15-26-30-40:3,8-13-20-26-35-38:1;4-5-7-11-40-41:2;1-17-18-24-29-39:0,0.9400;0.9200;0.7600;0.7600;0.9400;0.9400;0.9600;1.0400;1.0600;0.7600,0:184;1:198;2:99;3:18;4:1,0:41;1:28;2:14;3:2
loto,5455,2026-07-23 21:00:00,100,500,0.872,4,3-5-11-33-38-40:4;5-6-11-26-27-33:4;2-3-26-29-33-40:4,3-16-22-27-30-38:1;2-7-18-24-36-37:1;6-9-23-28-33-35:1,0.9800;0.9400;0.8800;1.0600;0.8200;0.7200;0.7800;0.7000;1.0200;0.8200,0:171;1:239;2:76;3:11;4:3,0:43;1:31;2:7
loto,5455,2026-07-23 21:00:00,250,500,0.87,4,2-3-18-26-33-41:4;2-3-7-30-33-35:3;5-11-15-26-30-35:3,5-6-13-16-23-34:1;9-14-24-33-36-39:1;12-18-25-26-29-38:1,0.9800;0.9400;1.0400;0.8400;0.9400;0.8200;0.7400;0.8400;0.8600;0.7000,0:181;1:216;2:91;3:11;4:1,0:38;1:32;2:5;3:1
loto,5455,2026-07-23 21:00:00,500,500,0.922,3,11-12-14-25-26-33:3;3-22-26-29-33-41:3;4-6-11-26-33-37:3,4-9-20-29-34-37:0;7-15-23-28-32-39:0;5-12-14-22-31-40:1,0.9400;0.9200;0.9400;0.8800;0.8200;0.9600;0.8000;1.1600;0.9600;0.8400,0:155;1:238;2:98;3:9,0:28;1:39;2:13;3:1
loto,5455,2026-07-23 21:00:00,1000,500,0.834,3,2-11-26-27-36-40:3;2-12-26-33-35-41:3;1-3-5-20-26-39:3,14-20-23-26-29-32:1;2-9-10-18-22-35:1;5-19-24-31-33-34:2,0.7800;0.7000;0.9200;0.8000;0.8400;0.7600;0.8600;0.8200;0.7800;1.0800,0:174;1:242;2:77;3:7,0:22;1:39;2:8
loto,5455,2026-07-23 21:00:00,all,500,0.908,3,3-8-9-11-26-40:3;2-5-28-33-36-38:3;5-9-11-22-23-26:3,4-8-15-27-37-40:0;3-14-18-23-31-36:1;1-11-16-25-30-35:1,0.8000;0.9400;0.8600;1.1000;0.8400;0.8800;0.9400;0.9800;0.9000;0.8400,0:168;1:224;2:94;3:14,0:31;1:35;2:7
loto,5455,2026-07-23 21:00:00,all_sub,500,0.848,4,2-5-11-26-32-35:4;3-11-22-26-33-37:4;2-11-33-35-39-40:3,13-18-24-27-39-40:0;7-10-25-31-32-34:0;15-16-20-26-37-38:1,0.7600;0.8000;0.9000;0.9000;0.9200;0.9200;0.9000;0.7400;0.7600;0.8800,0:187;1:218;2:81;3:12;4:2,0:35;1:25;2:8
loto,5455,2026-07-23 21:00:00,dia,500,0.876,3,3-8-11-21-26-41:3;3-11-12-15-24-33:3;2-11-19-26-28-41:3,7-11-18-28-36-40:1;2-17-29-30-33-41:2;1-13-14-22-25-39:0,0.9800;0.8400;0.8200;0.8800;0.8000;0.9000;0.8400;1.2000;0.8400;0.6600,0:182;1:216;2:84;3:18,0:38;1:34;2:4;3:1
loto,5455,2026-07-23 21:00:00,mes,500,0.882,4,2-11-26-32-33-35:4;2-5-11-28-33-34:4;2-3-11-18-34-38:3,1-2-3-31-36-37:2;4-7-25-26-28-30:1;12-14-17-21-32-33:1,0.8800;1.0400;0.7600;1.0200;0.7200;0.8400;0.9400;0.8400;0.9200;0.8600,0:183;1:212;2:88;3:15;4:2,0:28;1:25;2:5;3:2
kino,3258,2026-07-26,50,500,7.812,12,2-5-8-9-10-11-13-15-16-17-18-19-20-23:12;1-2-3-8-9-11-12-13-14-16-18-19-20-23:11;2-3-7-8-10-11-13-15-18-19-20-21-24-25:11,2-4-5-7-10-12-13-14-15-17-18-19-20-23:9;2-3-6-8-9-10-11-13-16-19-21-22-23-25:10;1-3-4-5-6-9-11-12-15-16-18-19-24-25:7,7.8000;7.8000;7.6800;8.0000;7.9000;7.6600;7.9000;7.7000;7.9600;7.7200,4:2;5:12;6:68;7:137;8:128;9:95;10:47;11:10;12:1,
kino,3258,2026-07-26,100,500,7.776,12,2-3-8-9-10-11-12-13-15-16-18-19-21-23:12;2-6-8-9-11-12-14-15-16-17-18-19-20-23:10;2-3-5-7-8-10-15-16-17-18-19-22-23-24:10,2-6-8-9-11-12-14-15-16-17-18-19-20-23:10;3-4-5-8-10-12-13-14-15-20-21-22-24-25:6;1-2-3-6-7-10-11-13-16-17-19-21-22-24:8,7.6800;7.9200;7.8000;7.8400;7.8600;7.5400;7.6400;7.7000;7.9800;7.8000,4:3;5:18;6:51;7:125;8:157;9:113;10:32;12:1,
kino,3258,2026-07-26,250,500,7.86,11,1-2-3-8-9-10-11-13-14-15-16-17-20-23:11;2-3-6-7-8-9-11-12-15-16-17-18-19-23:11;1-2-3-7-9-10-11-13-14-16-17-18-20-23:11,1-2-4-7-10-11-13-15-16-17-19-20-24-25:9;2-3-5-6-9-10-14-17-18-19-20-21-22-23:8;4-6-7-8-9-10-11-13-15-18-21-22-23-25:9,8.0400;7.7200;7.6400;7.8000;8.0000;7.9800;7.8400;7.9400;7.6800;7.9600,4:1;5:14;6:47;7:142;8:136;9:117;10:34;11:9,
kino,3258,2026-07-26,500,500,7.834,11,2-3-7-10-12-13-14-15-16-18-19-20-23-24:11;2-3-4-7-8-9-10-11-13-16-17-19-23-24:11;2-5-8-9-10-11-13-15-16-17-18-19-23-24:11,1-2-4-6-7-10-11-12-14-17-20-23-24-25:6;3-4-5-9-10-12-13-15-16-18-19-21-22-23:9;1-2-3-5-8-9-10-11-14-17-18-19-21-24:8,7.8400;7.9000;8.1400;7.5800;7.8400;7.7000;7.8000;7.7600;7.9400;7.8400,4:3;5:12;6:47;7:131;8:165;9:97;10:42;11:3,
kino,3258,2026-07-26,1000,500,7.758,11,1-2-7-8-10-11-13-16-18-19-20-22-23-25:11;2-3-4-8-9-10-11-12-13-18-19-20-23-25:11;3-4-6-7-8-9-10-11-13-15-16-18-20-25:11,2-3-6-9-10-12-13-14-15-16-18-19-22-23:10;3-4-5-6-7-8-10-11-14-17-19-20-21-25:7;1-2-4-7-9-11-16-17-18-20-22-23-24-25:8,8.0000;7.8400;7.4000;7.7200;7.8600;7.9200;7.8600;7.7000;7.8200;7.4600,4:2;5:11;6:68;7:138;8:143;9:88;10:44;11:6,
kino,3258,2026-07-26,all,500,7.82,12,2-3-7-9-10-11-12-13-15-16-18-19-20-21:12;2-3-6-7-8-9-10-11-13-15-20-23-24-25:11;1-2-5-7-8-9-10-11-13-16-17-18-20-23:11,1-4-5-9-11-13-14-16-17-20-22-23-24-25:6;2-3-4-6-7-8-9-12-14-15-18-19-21-23:9;1-2-4-5-6-10-12-13-15-18-20-21-22-25:6,7.9000;7.5400;7.6600;7.6600;7.9400;8.1600;7.8800;7.9200;7.7800;7.7600,4:1;5:17;6:59;7:128;8:141;9:107;10:38;11:8;12:1,
kino,3258,2026-07-26,all_sub,500,7.918,12,2-3-8-9-10-11-12-13-15-18-19-20-21-23:12;2-3-8-9-10-11-13-15-16-17-19-20-23-24:12;1-2-3-5-7-8-10-11-15-16-18-20-23-24:11,4-5-7-8-10-11-12-13-14-15-16-20-22-23:9;1-2-4-6-7-9-13-17-18-19-20-21-24-25:7;1-2-5-6-8-11-12-16-18-19-21-22-23-24:7,8.1000;8.3200;7.7600;8.1600;7.8600;7.9800;7.6800;7.4000;7.9200;8.0000,5:10;6:57;7:125;8:147;9:108;10:41;11:10;12:2,
kino,3258,2026-07-26,dia,500,7.72,12,1-2-3-7-8-10-11-13-15-16-19-20-23-24:12;3-6-7-8-9-10-11-15-16-18-19-20-21-23:12;2-3-4-6-7-8-9-11-13-15-16-19-20-23:12,1-2-4-7-8-9-10-12-13-14-17-20-22-23:8;2-3-4-5-6-7-11-15-16-19-20-21-24-25:8;1-3-5-9-10-12-13-16-17-18-21-22-24-25:6,7.7200;7.5600;7.8600;7.4600;7.6000;7.8400;7.5600;7.9800;7.9600;7.6600,4:3;5:13;6:73;7:122;8:155;9:101;10:24;11:6;12:3,
kino,3258,2026-07-26,mes,500,7.85,11,2-3-8-9-11-13-15-16-17-18-19-20-24-25:11;2-3-4-6-7-8-9-11-13-16-19-20-22-23:11;2-3-6-8-9-10-11-13-18-19-20-21-22-23:11,1-4-5-6-8-9-11-13-15-16-20-23-24-25:8;2-3-7-9-10-11-12-14-16-18-19-21-22-25:9;2-5-6-7-8-9-12-13-14-15-17-19-20-21:8,7.8600;7.7000;7.9800;7.8800;7.8800;7.9400;7.7600;7.7600;7.9200;7.8200,4:1;5:11;6:57;7:130;8:153;9:102;10:34;11:12,
loto,5456,2026-07-26 21:00:00,50,500,0.944,4,5-11-18-27-28-36:4;11-17-18-28-30-36:4;5-6-17-23-28-33:4,4-9-17-32-36-39:1;5-13-15-16-31-38:1;2-6-8-19-23-37:0,1.0200;1.0800;0.8200;0.9600;0.9800;0.7200;0.9200;1.0000;1.0600;0.8800,0:173;1:208;2:96;3:20;4:3,0:31;1:36;2:5;3:1
loto,5456,2026-07-26 21:00:00,100,500,0.922,3,5-11-14-18-26-34:3;5-7-11-24-28-34:3;5-12-17-20-21-28:3,6-9-13-31-32-39:0;3-16-26-27-29-38:0;1-10-14-21-36-40:0,0.9400;0.9600;1.0000;1.0200;1.0000;0.9200;0.8800;0.7600;0.9400;0.8000,0:170;1:215;2:99;3:16,0:34;1:30;2:10;3:1
loto,5456,2026-07-26 21:00:00,250,500,0.86,3,5-11-26-28-35-36:3;11-14-17-18-23-30:3;13-17-23-24-28-33:3,11-18-19-30-37-38:2;1-16-23-24-25-34:0;8-10-13-17-29-31:1,0.7200;0.9600;0.8600;0.8400;0.7400;0.8800;0.8200;0.9600;0.9000;0.9200,0:189;1:211;2:81;3:19,0:33;1:29;2:15
loto,5456,2026-07-26 21:00:00,500,500,0.844,4,11-18-22-25-28-33:4;2-10-11-17-18-34:3;6-11-17-19-28-35:3,8-17-20-21-22-25:1;6-9-28-31-37-40:1;10-13-15-16-18-29:1,1.0600;0.8400;0.8400;0.9600;0.9200;0.6800;0.7600;0.8000;0.9400;0.6400,0:186;1:216;2:89;3:8;4:1,0:27;1:26;2:10;3:1
loto,5456,2026-07-26 21:00:00,1000,500,0.876,4,5-11-17-22-28-39:4;5-11-18-33-39-40:4;4-5-17-28-32-33:4,3-12-22-23-28-29:1;6-8-9-27-30-35:0;1-2-13-18-34-41:1,0.8200;0.7600;0.8000;0.9000;0.8800;0.9000;0.7600;1.0400;1.0200;0.8800,0:191;1:201;2:91;3:13;4:4,0:38;1:33;2:7
loto,5456,2026-07-26 21:00:00,all,500,0.896,4,5-11-28-33-36-39:4;11-14-28-30-33-34:3;8-11-17-18-32-41:3,2-10-19-21-37-40:0;11-14-28-30-33-34:3;3-4-5-16-26-38:1,0.8800;0.8800;0.7800;1.0000;0.8800;1.1000;0.8400;0.9000;0.7800;0.9200,0:180;1:212;2:89;3:18;4:1,0:32;1:29;2:11;3:3
loto,5456,2026-07-26 21:00:00,all_sub,500,0.868,3,5-6-11-12-31-33:3;11-13-18-22-25-28:3;13-14-15-17-18-33:3,5-6-11-12-31-33:3;7-17-20-24-28-29:2;16-19-21-22-37-39:0,0.9200;1.0200;0.7000;0.7800;0.9600;0.9000;0.7800;0.9800;0.9600;0.6800,0:185;1:214;2:83;3:18,0:35;1:30;2:8;3:1
loto,5456,2026-07-26 21:00:00,dia,500,0.894,4,5-10-11-28-33-38:4;1-2-11-18-28-35:3;5-11-14-24-28-37:3,1-13-14-15-32-39:0;5-10-19-21-34-36:1;2-4-26-33-35-41:1,0.8000;0.7800;0.9400;1.2600;1.0000;0.8200;0.7600;0.7800;1.0000;0.8000,0:191;1:190;2:101;3:17;4:1,0:30;1:28;2:12;3:1
loto,5456,2026-07-26 21:00:00,mes,500,0.912,4,11-12-17-18-25-33:4;5-6-12-17-33-35:3;3-17-20-28-33-35:3,10-13-17-27-32-33:2;2-5-9-22-30-41:1;7-8-11-20-23-38:1,0.8800;0.8600;0.6600;0.8000;0.9200;1.0000;1.0000;0.9000;0.8800;1.2200,0:182;1:200;2:99;3:18;4:1,0:29;1:22;2:9;3:1
kino,3259,2026-07-29,50,500,7.856,11,2-3-4-9-10-12-14-15-16-20-21-22-23-25:11;1-2-4-6-8-9-13-14-15-18-19-22-23-25:11;2-4-5-8-9-13-14-16-18-19-20-22-23-25:11,3-4-7-9-10-12-13-14-15-19-20-21-22-24:8;1-2-3-4-6-8-11-16-17-18-21-23-24-25:7;2-5-6-9-11-14-15-16-18-19-20-22-23-24:9,8.0200;7.8600;7.9000;7.7600;7.9400;7.7000;7.9800;7.6200;7.8800;7.9000,5:12;6:56;7:140;8:136;9:105;10:42;11:9,
kino,3259,2026-07-29,100,500,7.984,11,1-2-4-6-9-10-12-13-15-16-17-20-22-23:11;1-4-7-8-9-12-13-14-16-19-20-22-23-25:11;2-4-6-7-9-12-13-14-15-16-17-19-20-25:11,2-6-7-8-9-10-13-14-17-18-21-22-23-25:9;1-2-3-4-5-10-11-12-15-17-19-20-24-25:6;1-2-4-6-7-8-11-12-15-16-18-19-21-22:8,7.9200;7.8600;8.2000;8.1000;7.8200;8.1800;7.8400;7.9000;7.9400;8.0800,4:2;5:11;6:43;7:114;8:164;9:108;10:49;11:9,
kino,3259,2026-07-29,250,500,7.884,11,2-5-8-9-10-12-13-14-15-20-21-22-23-25:11;2-3-4-9-11-12-13-14-15-17-20-22-23-25:11;2-3-4-5-6-8-9-13-14-15-19-22-23-25:11,3-4-5-8-9-10-11-14-18-19-20-21-22-24:6;1-3-4-6-7-10-12-13-14-15-16-17-20-25:9;1-2-3-6-7-11-12-13-14-18-19-21-23-24:6,7.7200;7.9400;7.8000;7.9200;8.1800;8.0600;7.8400;7.7400;7.6400;8.0000,4:2;5:9;6:54;7:121;8:162;9:106;10:38;11:8,
kino,3259,2026-07-29,500,500,7.93,11,4-6-7-8-9-10-13-14-16-19-20-22-23-25:11;4-5-6-8-9-12-14-15-16-19-21-22-23-25:11;2-3-4-5-8-9-12-13-14-15-16-19-20-25:11,1-3-6-7-8-10-12-13-14-20-21-23-24-25:8;1-2-4-5-6-9-11-14-15-16-17-18-19-24:7;3-5-7-8-9-10-11-14-15-17-18-20-22-25:7,7.9000;7.7600;7.9200;8.1000;8.0600;7.6600;7.9200;8.0400;7.9400;8.0000,5:9;6:52;7:115;8:171;9:104;10:40;11:9,
kino,3259,2026-07-29,1000,500,7.874,12,2-4-6-8-9-13-14-15-16-19-21-22-23-25:12;1-2-4-5-6-8-9-13-15-16-18-22-23-25:11;1-3-4-6-7-8-9-12-15-16-20-22-23-25:11,1-3-4-7-8-10-11-13-14-15-16-18-19-23:7;1-2-6-7-9-11-12-13-17-20-21-22-24-25:8;3-5-8-9-10-12-13-14-17-19-20-21-22-23:8,7.7400;7.8400;7.6800;7.9400;7.8000;8.2200;8.0600;7.9000;7.6400;7.9200,4:1;5:6;6:56;7:130;8:157;9:106;10:38;11:5;12:1,
kino,3259,2026-07-29,all,500,7.902,11,2-4-5-8-9-12-13-15-18-20-22-23-24-25:11;1-2-3-4-9-12-13-14-15-16-20-22-24-25:11;2-4-6-7-8-9-11-12-13-14-16-19-20-23:11,3-4-5-6-7-11-12-15-17-18-19-20-21-24:5;1-2-3-6-8-10-13-14-16-17-22-23-24-25:9;1-2-3-4-5-8-9-12-15-18-20-22-23-25:10,7.7800;7.8200;7.9600;8.0000;7.8600;8.0200;7.7800;7.6400;7.9200;8.2400,5:11;6:48;7:127;8:170;9:91;10:43;11:10,
kino,3259,2026-07-29,all_sub,500,7.896,12,2-4-6-8-9-11-12-13-14-15-18-22-23-25:12;1-6-8-9-12-13-14-15-16-19-20-23-24-25:11;2-3-5-6-8-9-12-13-14-15-16-20-21-23:11,1-2-5-7-8-10-11-14-16-17-19-20-24-25:6;2-3-4-6-9-10-12-13-15-17-20-21-22-23:10;3-4-7-8-9-11-12-15-16-17-18-19-22-25:8,8.1200;7.7600;8.1200;7.9000;7.6400;8.0200;7.8400;7.7000;7.9600;7.9000,5:13;6:40;7:127;8:174;9:106;10:33;11:6;12:1,
kino,3259,2026-07-29,dia,500,7.936,11,4-6-7-8-9-11-12-13-15-16-20-21-22-23:11;1-4-8-9-11-12-13-14-15-16-17-20-22-25:11;1-2-4-6-7-9-12-13-16-20-22-23-24-25:11,2-4-5-6-7-10-12-13-14-15-18-19-23-25:9;1-3-6-8-9-13-16-17-18-19-20-22-23-24:8;2-3-4-6-7-11-14-15-16-17-18-20-21-22:8,8.1600;7.8200;8.0000;8.1200;7.8600;7.8400;7.6200;7.9800;7.9000;8.0600,4:1;5:15;6:42;7:126;8:151;9:111;10:46;11:8,
kino,3259,2026-07-29,mes,500,7.854,12,2-6-7-9-10-12-13-14-15-16-20-22-23-25:12;2-3-4-6-8-9-12-14-15-17-22-23-24-25:11;2-4-6-7-8-9-12-13-15-16-18-23-24-25:11,1-4-5-7-8-13-14-15-16-17-20-22-23-24:9;1-2-3-4-6-9-10-12-13-16-18-19-21-23:8;5-6-7-8-9-10-11-17-18-19-20-21-23-24:5,7.6800;8.1200;8.0200;7.6400;7.8800;7.7400;7.8400;7.6200;8.2200;7.7800,4:1;5:11;6:57;7:129;8:152;9:101;10:42;11:6;12:1,
loto,5457,2026-07-28 21:00:00,50,500,0.896,4,1-14-16-17-27-30:4;1-5-10-20-28-30:4;1-10-16-18-27-40:4,1-20-24-25-36-41:1;3-4-17-21-27-38:1;8-10-18-19-22-33:1,1.0800;0.9800;0.6800;0.9600;0.7200;0.8200;1.0200;0.9000;0.7600;1.0400,0:178;1:214;2:93;3:12;4:3,0:24;1:36;2:17;3:2
loto,5457,2026-07-28 21:00:00,100,500,0.932,4,5-10-16-25-30-37:4;1-10-13-16-18-41:3;1-16-19-25-30-32:3,7-12-20-21-23-41:0;15-17-18-22-30-36:1;2-8-16-19-29-34:1,0.8800;0.7400;0.9000;0.9800;1.0600;0.9600;0.9800;1.0600;0.8600;0.9000,0:168;1:215;2:101;3:15;4:1,0:34;1:24;2:10;3:3
loto,5457,2026-07-28 21:00:00,250,500,0.838,3,1-16-17-25-30-38:3;7-16-27-29-30-40:3;1-9-18-27-28-30:3,8-14-15-20-39-41:0;1-16-17-25-30-38:3;2-11-18-23-28-29:0,0.9200;1.0200;0.7200;0.8200;0.7400;0.9000;0.6600;1.0200;0.8200;0.7600,0:194;1:206;2:87;3:13,0:29;1:28;2:17
loto,5457,2026-07-28 21:00:00,500,500,0.952,4,1-5-10-21-29-30:4;1-15-16-27-30-36:4;5-10-13-16-34-37:3,13-15-16-24-26-30:2;5-6-14-27-28-36:2;4-10-18-22-25-39:1,0.8600;0.9800;1.0200;1.0000;0.9600;1.0400;1.1000;0.9000;0.8400;0.8200,0:155;1:240;2:81;3:22;4:2,0:24;1:24;2:12;3:3;4:1
loto,5457,2026-07-28 21:00:00,1000,500,0.868,3,4-7-16-27-30-35:3;1-5-16-19-38-41:3;1-16-24-27-32-38:3,3-18-20-26-33-35:0;4-10-13-23-28-41:1;5-7-8-15-29-34:1,0.7800;0.8200;0.8000;0.7800;1.1200;0.7800;0.8000;0.8600;1.1000;0.8400,0:177;1:223;2:89;3:11,0:30;1:37;2:7;3:1
loto,5457,2026-07-28 21:00:00,all,500,0.898,3,10-15-17-27-30-31:3;5-10-18-29-30-40:3;1-5-16-22-23-25:3,7-17-21-28-39-40:0;8-15-18-29-37-41:0;2-10-12-33-34-35:1,0.8000;0.9200;0.9600;0.9200;0.8400;1.0200;0.8800;0.8000;0.8400;1.0000,0:164;1:238;2:83;3:15,0:36;1:34;2:12;3:1
loto,5457,2026-07-28 21:00:00,all_sub,500,0.888,4,5-10-11-13-27-30:4;2-5-16-27-29-38:3;1-5-14-28-30-31:3,5-15-21-26-38-39:1;6-11-14-22-31-35:0;2-8-12-19-24-29:0,0.6600;0.9400;0.9000;1.0600;0.7800;0.9600;0.9200;0.7400;0.9000;1.0200,0:180;1:214;2:89;3:16;4:1,0:37;1:25;2:12;3:2
loto,5457,2026-07-28 21:00:00,dia,500,0.906,4,7-10-16-24-27-30:4;1-4-10-13-30-41:3;5-7-10-18-30-32:3,1-14-20-26-29-40:1;2-9-21-22-30-38:1;7-8-17-23-35-36:0,0.8600;0.9600;1.0000;0.8800;0.8600;0.8800;0.8200;0.9800;0.8000;1.0200,0:172;1:217;2:98;3:12;4:1,0:35;1:27;2:10
loto,5457,2026-07-28 21:00:00,mes,500,0.87,3,1-10-23-30-33-38:3;1-14-22-26-27-30:3;2-10-20-27-30-37:3,17-20-21-23-38-39:0;3-7-10-12-22-41:1;1-11-16-28-32-33:2,0.9000;0.7800;0.9400;0.8800;0.8200;0.9400;0.6800;0.9800;0.9400;0.8400,0:181;1:223;2:76;3:20,0:31;1:49;2:13;3:3
loto,5458,2026-07-30 21:00:00,50,500,0.87,3,8-15-29-30-31-34:3;6-10-16-24-27-29:3;8-14-15-24-25-34:3,8-15-29-30-31-34:3;7-13-14-20-23-37:0;4-16-17-22-33-36:1,0.9400;0.7000;0.7600;0.9600;0.9800;0.9200;0.7200;0.8800;0.8800;0.9600,0:178;1:223;2:85;3:14,0:26;1:31;2:13
loto,5458,2026-07-30 21:00:00,100,500,0.888,4,5-8-16-24-33-41:4;3-5-8-24-28-29:4;1-15-16-19-29-32:3,11-18-19-27-30-41:0;2-12-17-20-32-37:0;3-13-21-24-29-40:2,0.8400;0.8800;0.9000;0.9000;0.8800;1.0600;0.8200;0.9200;0.9000;0.7800,0:172;1:231;2:80;3:15;4:2,0:31;1:34;2:7;3:2
loto,5458,2026-07-30 21:00:00,250,500,0.882,4,5-8-15-16-26-41:4;8-15-16-27-30-40:3;5-8-24-27-36-37:3,2-26-27-30-33-39:0;6-10-13-21-32-41:0;8-11-12-17-19-35:1,0.7800;0.9600;0.7200;1.0000;0.9400;0.8800;0.9000;0.9600;0.7600;0.9200,0:176;1:222;2:88;3:13;4:1,0:33;1:34;2:18
loto,5458,2026-07-30 21:00:00,500,500,0.952,4,5-15-16-19-29-34:4;3-15-16-18-24-29:4;3-8-15-16-29-35:4,5-13-14-32-35-41:1;1-8-15-29-30-34:3;3-12-17-18-26-40:0,1.0200;0.7800;1.0800;0.9000;0.8200;0.9400;0.8600;1.0600;0.9800;1.0800,0:174;1:203;2:99;3:21;4:3,0:27;1:28;2:13
loto,5458,2026-07-30 21:00:00,1000,500,0.896,4,5-8-24-29-30-41:4;13-15-16-20-24-29:4;10-12-15-16-27-29:3,2-5-15-30-31-37:2;1-7-13-18-28-38:0;6-9-12-20-27-36:0,0.9400;0.7400;0.9800;0.8000;1.0200;1.0000;0.9200;0.7400;0.9600;0.8600,0:174;1:221;2:90;3:13;4:2,0:21;1:26;2:13
loto,5458,2026-07-30 21:00:00,all,500,0.854,4,4-8-16-24-29-33:4;8-16-20-24-27-37:3;8-15-20-25-29-41:3,1-2-19-21-30-35:0;9-10-23-27-32-33:0;5-6-22-31-37-40:1,0.7600;0.8400;0.8600;0.7400;0.9000;0.9000;0.7800;0.9000;1.0800;0.7800,0:181;1:227;2:77;3:14;4:1,0:38;1:35;2:10;3:1
loto,5458,2026-07-30 21:00:00,all_sub,500,0.852,5,8-10-15-16-24-29:5;5-8-16-29-30-39:4;5-15-22-24-29-40:4,3-8-18-27-31-41:1;17-19-22-30-34-35:0;4-7-23-24-29-38:2,1.0400;0.8200;0.8000;0.9200;0.7400;0.9000;0.8400;0.8200;0.7200;0.9200,0:193;1:211;2:78;3:14;4:3;5:1,0:44;1:34;2:7
loto,5458,2026-07-30 21:00:00,dia,500,0.896,4,5-9-16-24-29-33:4;15-16-18-24-29-41:4;5-16-29-30-37-38:3,6-8-13-15-38-41:2;7-10-19-24-32-37:1;2-16-20-31-33-39:1,1.0800;0.7200;0.8400;0.9000;0.9800;0.8800;0.9600;0.9400;0.8400;0.8200,0:182;1:209;2:90;3:17;4:2,0:37;1:28;2:14;3:3;4:1
loto,5458,2026-07-30 21:00:00,mes,500,0.874,4,8-15-17-24-29-37:4;5-15-20-29-30-34:3;5-8-9-23-24-34:3,5-6-9-17-27-40:1;3-7-8-21-24-39:2;13-16-18-26-29-31:2,0.6800;0.9400;1.1400;0.7400;0.9200;0.9800;0.7000;0.9600;0.8000;0.8800,0:181;1:218;2:85;3:15;4:1,0:33;1:28;2:11;3:2
kino,3260,2026-07-31,50,500,7.928,11,1-3-4-6-9-10-12-13-15-16-20-21-24-25:11;1-3-4-5-9-12-13-14-17-18-19-20-24-25:11;1-3-4-6-9-10-11-13-14-16-17-19-20-24:11,1-3-4-5-8-9-10-13-14-16-19-21-22-25:8;2-3-4-5-7-10-11-12-15-17-18-20-23-24:8;2-6-7-9-10-11-14-15-16-19-21-23-24-25:7,7.7800;7.9400;8.1000;7.9800;7.9400;7.6000;8.0400;7.6600;8.0800;8.1600,4:1;5:11;6:49;7:124;8:151;9:114;10:41;11:9,
kino,3260,2026-07-31,100,500,7.938,12,3-4-5-6-9-10-12-13-14-17-20-22-24-25:12;1-3-4-6-8-9-10-12-13-14-17-20-22-25:12;2-3-4-6-9-12-13-14-15-17-18-21-24-25:11,1-4-6-7-9-11-12-15-16-17-19-20-23-24:8;1-2-3-6-7-8-10-13-14-17-18-20-22-25:10;4-5-8-9-10-11-13-14-15-18-21-22-23-24:6,8.1200;7.5600;7.9800;7.7600;7.8200;7.7800;8.3000;8.1600;7.8000;8.1000,4:3;5:19;6:50;7:106;8:150;9:114;10:46;11:10;12:2,
kino,3260,2026-07-31,250,500,7.852,11,2-3-4-5-6-9-10-13-14-16-17-20-22-25:11;3-4-5-6-9-10-11-13-14-15-17-20-24-25:11;1-3-5-6-9-10-12-13-14-17-19-20-23-24:11,1-5-7-8-9-10-13-14-17-20-21-22-23-24:8;1-3-4-6-11-12-16-17-18-19-20-22-24-25:9;2-4-5-6-7-10-11-13-14-15-18-21-24-25:8,7.9800;7.8400;7.5400;7.8600;7.8800;7.8400;7.6800;8.0800;7.8000;8.0200,5:10;6:54;7:121;8:173;9:102;10:37;11:3,
kino,3260,2026-07-31,500,500,7.968,12,1-2-3-4-9-10-12-13-15-17-18-20-24-25:12;1-2-4-6-8-9-12-14-15-17-19-20-24-25:11;1-2-3-4-6-9-10-13-15-20-22-23-24-25:11,2-3-4-5-6-7-9-13-16-20-21-22-23-25:8;1-4-9-10-11-12-14-15-16-17-18-19-22-24:8;1-3-6-7-8-11-12-13-14-17-20-23-24-25:10,7.9000;7.9600;7.7000;8.0600;8.1800;7.9200;8.2000;7.8800;8.0400;7.8400,5:9;6:52;7:124;8:146;9:110;10:49;11:9;12:1,
kino,3260,2026-07-31,1000,500,7.914,11,1-2-3-5-6-10-12-13-14-17-18-20-22-25:11;2-3-6-8-9-10-12-13-14-15-17-20-23-24:11;2-3-4-6-7-9-10-12-13-14-19-20-21-25:11,5-6-7-8-12-13-14-15-16-17-21-22-23-25:6;1-2-3-8-9-10-11-13-17-18-19-20-23-24:9;1-4-7-8-10-11-12-14-15-19-20-21-24-25:8,8.0400;7.7600;7.8400;7.9400;7.7400;8.0000;8.2600;7.9200;7.8800;7.7600,4:2;5:10;6:55;7:113;8:155;9:120;10:37;11:8,
kino,3260,2026-07-31,all,500,7.91,12,1-2-4-6-7-9-10-12-14-17-20-21-24-25:12;1-3-4-6-8-9-12-13-14-17-20-21-24-25:12;1-2-6-9-10-11-12-13-14-15-17-20-21-25:11,3-5-8-9-10-11-13-14-15-16-20-21-23-24:7;1-4-7-9-11-12-14-17-18-19-20-21-22-25:8;1-2-3-5-6-8-12-13-16-17-19-22-24-25:9,8.2600;7.7400;7.6600;7.8400;7.8200;8.0200;8.0800;7.8200;7.9000;7.9600,4:2;5:11;6:60;7:106;8:157;9:114;10:44;11:4;12:2,
kino,3260,2026-07-31,all_sub,500,7.848,11,1-2-4-6-7-10-12-13-17-18-20-21-24-25:11;2-3-5-6-8-10-11-12-13-14-17-20-24-25:11;1-2-5-6-7-9-10-12-13-14-17-20-23-24:11,1-2-3-7-11-12-13-14-15-16-18-19-23-24:7;4-5-6-8-9-10-12-14-16-17-21-22-23-25:8;1-2-4-6-7-10-12-13-17-18-20-21-24-25:11,8.0800;7.6400;7.8800;7.8600;7.9800;7.8600;8.0800;7.8600;7.6000;7.6400,5:11;6:43;7:146;8:159;9:102;10:30;11:9,
kino,3260,2026-07-31,dia,500,7.956,11,1-2-3-4-9-10-12-13-16-17-21-22-24-25:11;3-4-6-9-10-11-12-14-15-16-17-20-24-25:11;1-2-3-4-6-7-9-11-13-14-20-23-24-25:11,1-2-3-4-9-10-12-13-16-17-21-22-24-25:11;5-6-7-8-11-12-14-15-16-17-18-19-20-24:6;1-5-7-8-9-10-11-13-18-20-22-23-24-25:7,7.9000;7.9800;7.9600;7.7600;8.0400;7.9800;8.0000;8.1400;7.9800;7.8200,5:11;6:43;7:124;8:166;9:106;10:35;11:15,
kino,3260,2026-07-31,mes,500,7.96,12,1-3-4-9-10-12-13-14-17-18-20-23-24-25:12;1-2-3-4-8-9-10-14-16-17-19-20-24-25:11;1-3-4-6-7-10-11-12-13-14-17-21-24-25:11,1-5-6-8-9-10-11-12-13-16-17-18-22-23:7;2-3-4-7-9-12-14-15-18-19-20-23-24-25:9;1-2-7-8-10-11-14-15-16-19-21-22-23-24:5,7.9600;8.1200;8.1200;7.9000;7.9800;7.8000;7.8800;7.9400;8.1000;7.8000,5:8;6:47;7:123;8:162;9:110;10:40;11:9;12:1,
kino,3261,2026-08-02,50,500,7.946,11,1-6-7-9-11-12-13-14-16-18-19-21-22-24:11;1-2-3-6-9-12-13-14-16-17-18-22-24-25:11;3-6-7-10-11-13-14-16-17-18-19-22-24-25:11,1-4-5-6-7-8-9-12-13-16-18-22-23-24:9;2-3-4-9-11-14-15-17-18-19-20-21-22-25:6;4-5-6-7-8-10-11-13-14-15-17-20-24-25:7,8.2400;7.9400;7.7800;7.8000;7.9200;8.2200;7.5800;8.1600;7.9200;7.9000,5:5;6:42;7:129;8:167;9:116;10:38;11:3,
kino,3261,2026-08-02,100,500,7.964,11,1-2-5-7-10-11-13-14-16-17-18-22-24-25:11;1-3-6-8-9-10-11-13-14-16-18-22-24-25:11;1-2-6-7-10-11-13-14-16-18-21-22-23-25:11,1-2-5-8-11-12-14-15-18-19-20-21-22-24:8;1-4-6-7-9-10-11-12-13-16-17-20-23-25:8;3-4-5-8-9-12-14-16-17-18-21-23-24-25:6,8.1400;8.0600;8.0200;7.8400;8.1600;7.9000;8.0600;7.9000;7.8000;7.7600,5:6;6:51;7:117;8:179;9:87;10:48;11:12,
kino,3261,2026-08-02,250,500,7.906,12,1-2-3-6-7-10-13-14-16-18-19-21-22-24:12;1-2-3-6-7-10-12-13-14-16-20-22-23-25:11;2-3-4-6-7-9-11-12-13-14-18-22-24-25:11,2-3-4-6-8-10-12-13-14-15-16-17-23-25:8;1-3-4-5-7-10-11-16-18-19-20-21-22-24:9;1-4-6-7-8-9-11-12-17-18-21-22-23-25:7,8.0800;8.0800;7.8800;7.7400;8.0600;8.0600;7.8600;7.8200;7.7400;7.7400,5:12;6:54;7:113;8:165;9:112;10:35;11:8;12:1,
kino,3261,2026-08-02,500,500,7.892,11,1-2-6-7-10-11-12-13-15-16-18-19-20-22:11;1-2-3-6-7-8-11-12-14-17-18-19-22-24:11;1-3-6-7-11-12-14-16-18-20-21-22-23-24:11,3-4-5-9-11-12-13-14-16-17-18-21-23-24:8;1-6-7-8-9-10-13-14-15-16-19-20-22-25:8;2-3-4-6-8-10-11-16-17-18-19-22-23-25:8,7.8800;7.9400;7.9600;7.7000;8.1000;7.8800;8.0200;7.6600;7.8200;7.9600,5:12;6:40;7:134;8:166;9:111;10:26;11:11,
kino,3261,2026-08-02,1000,500,7.894,11,2-3-5-6-7-11-12-13-16-18-22-23-24-25:11;1-2-3-6-7-10-11-12-14-16-19-21-23-24:11;1-3-4-6-7-8-11-12-13-16-18-22-23-24:11,2-5-6-9-10-11-13-15-16-19-20-22-23-24:8;1-4-7-8-10-12-13-14-17-18-19-21-23-25:7;2-3-4-5-8-9-12-16-17-21-22-23-24-25:6,7.7400;8.1000;7.8600;7.7800;7.9200;8.0000;7.9800;7.8600;7.9600;7.7400,4:1;5:4;6:55;7:133;8:146;9:119;10:39;11:3,
kino,3261,2026-08-02,all,500,7.926,11,1-3-4-6-7-9-12-13-14-16-18-22-24-25:11;1-2-3-6-9-10-11-12-14-16-21-22-24-25:11;1-2-3-7-9-10-11-13-14-16-17-22-24-25:11,2-3-5-7-10-11-13-14-15-17-18-22-23-24:10;1-2-3-4-6-8-9-12-16-18-19-21-22-25:8;1-4-5-7-10-12-13-15-16-19-20-21-23-24:7,7.9400;8.0200;7.9800;7.8800;7.8800;8.0800;7.9600;8.0000;7.5400;7.9800,4:2;5:8;6:47;7:134;8:142;9:120;10:38;11:9,
kino,3261,2026-08-02,all_sub,500,7.974,12,1-2-3-6-7-11-12-13-16-17-18-19-22-24:12;1-2-3-5-7-11-12-13-14-16-18-20-24-25:11;1-3-6-7-11-12-13-16-17-18-19-20-22-24:11,1-2-3-4-7-11-12-16-17-18-20-21-23-25:8;4-5-6-8-9-12-13-14-15-19-21-22-23-24:6;2-3-4-5-6-8-10-11-13-17-19-20-24-25:7,8.0000;7.9000;8.1400;8.0400;7.9400;7.6200;8.1600;7.9200;7.9800;8.0400,4:2;5:5;6:38;7:130;8:159;9:123;10:37;11:5;12:1,
kino,3261,2026-08-02,dia,500,7.978,11,1-2-3-4-7-10-11-13-16-17-18-22-23-24:11;2-3-6-7-10-11-13-14-18-19-20-21-22-24:11;2-3-5-6-7-10-11-12-15-16-18-22-24-25:11,2-3-5-9-12-15-16-17-18-19-20-21-23-24:6;1-3-4-7-8-10-11-14-17-18-20-22-23-25:8;1-2-6-7-8-12-13-14-16-17-19-21-23-25:8,7.7000;8.2800;7.9600;7.8600;7.8600;7.9200;7.8800;7.7000;8.1000;8.5200,5:8;6:54;7:112;8:146;9:134;10:39;11:7,
kino,3261,2026-08-02,mes,500,8.03,12,1-2-3-5-9-10-11-12-13-14-16-18-22-24:12;2-3-6-7-10-11-12-13-16-17-18-21-24-25:11;1-2-3-6-7-11-12-13-14-15-19-21-22-24:11,2-3-6-10-12-13-14-16-17-18-19-21-22-23:10;1-4-6-7-8-9-10-11-14-15-20-22-24-25:8;2-3-4-5-8-9-11-12-13-15-16-18-21-25:7,7.9400;8.2200;8.2200;7.8000;7.9000;7.9400;7.9600;8.1400;8.1800;8.0000,5:4;6:47;7:117;8:159;9:121;10:40;11:11;12:1,
loto,5459,2026-08-02 21:00:00,50,500,0.848,4,14-17-18-24-29-32:4;10-16-17-18-23-32:4;6-17-18-29-37-38:4,1-3-11-24-25-38:1;5-7-15-17-30-36:1;14-16-19-20-21-28:0,0.8600;1.0200;1.0000;0.8000;0.8000;0.8200;0.8200;0.8400;0.7000;0.8200,0:193;1:211;2:78;3:15;4:3,0:23;1:29;2:12
loto,5459,2026-08-02 21:00:00,100,500,0.884,4,11-17-18-28-29-38:4;11-17-18-20-28-32:3;2-17-18-20-23-39:3,11-15-17-18-20-39:2;6-7-16-28-37-41:0;2-10-13-24-25-40:0,0.7400;0.9000;0.8200;0.9000;0.8800;0.9000;0.8600;1.1400;0.9000;0.8000,0:175;1:221;2:92;3:11;4:1,0:28;1:30;2:14;3:3
loto,5459,2026-08-02 21:00:00,250,500,0.868,4,11-12-18-23-29-38:4;6-17-20-21-29-38:3;17-18-24-28-29-33:3,4-5-28-29-34-40:1;1-23-26-27-35-38:2;3-6-9-19-30-33:0,0.9000;0.6800;0.8800;0.8200;0.9800;0.8400;0.8600;0.8400;0.8000;1.0800,0:177;1:225;2:86;3:11;4:1,0:24;1:26;2:9;3:2
loto,5459,2026-08-02 21:00:00,500,500,0.87,4,11-17-18-29-32-33:4;1-2-8-18-29-38:3;18-19-21-23-25-32:3,7-17-20-24-31-35:1;9-10-13-30-36-40:0;5-6-23-28-38-39:2,0.8400;0.7600;1.0400;0.7800;0.8800;0.8800;0.6200;0.9600;1.0800;0.8600,0:174;1:230;2:84;3:11;4:1,0:27;1:28;2:8
loto,5459,2026-08-02 21:00:00,1000,500,0.916,3,9-17-18-34-37-38:3;11-14-18-23-32-34:3;9-14-18-29-35-38:3,5-7-8-26-29-40:1;2-18-20-25-30-37:1;12-15-23-24-36-41:1,0.9200;0.9600;0.9600;0.8200;1.1000;0.8400;0.8400;0.8000;1.0000;0.9200,0:169;1:217;2:101;3:13,0:26;1:30;2:8
loto,5459,2026-08-02 21:00:00,all,500,0.884,4,2-5-17-18-23-32:4;5-17-21-23-32-38:4;5-15-17-18-32-34:3,3-16-17-21-38-40:2;1-9-14-20-25-28:0;4-6-22-26-27-41:0,0.8800;0.8600;0.8000;0.7400;0.9000;0.8200;0.9600;0.8000;1.0200;1.0600,0:172;1:228;2:88;3:10;4:2,0:30;1:35;2:9;3:1
loto,5459,2026-08-02 21:00:00,all_sub,500,0.892,4,9-17-18-19-23-38:4;8-17-22-29-33-38:3;14-18-23-27-32-40:3,3-5-14-20-25-30:0;4-7-21-29-36-40:1;9-13-16-18-28-37:1,0.9800;1.0000;0.8000;0.9000;0.8000;0.9800;0.8800;0.9200;0.8000;0.8600,0:177;1:212;2:100;3:10;4:1,0:15;1:32;2:13;3:1
loto,5459,2026-08-02 21:00:00,dia,500,0.83,4,9-13-18-29-32-38:4;2-10-18-29-37-38:3;2-15-17-18-23-33:3,7-13-16-25-26-32:1;9-12-15-20-22-34:0;1-4-8-30-33-35:0,0.7200;0.8400;0.7400;0.6000;0.6800;0.8800;0.9000;0.8200;1.1400;0.9800,0:192;1:214;2:82;3:11;4:1,0:25;1:28;2:7;3:2
loto,5459,2026-08-02 21:00:00,mes,500,0.906,4,2-9-17-18-23-32:4;5-6-17-18-22-23:3;6-7-12-23-29-32:3,5-21-26-28-29-40:1;2-7-23-33-34-38:2;1-4-30-32-37-41:1,0.8800;1.0400;1.0600;0.8400;0.9600;0.8000;0.7200;0.8000;1.0000;0.9600,0:173;1:218;2:93;3:15;4:1,0:37;1:27;2:14
kino,3262,2026-08-05,50,500,7.92,12,3-4-7-10-11-13-14-16-17-18-19-20-24-25:12;2-3-4-5-6-7-12-13-17-18-20-21-24-25:11;2-3-4-7-10-11-12-13-15-17-18-20-22-25:11,1-2-5-6-8-9-10-11-12-14-18-19-24-25:8;2-4-5-7-10-12-13-15-16-20-21-22-23-24:7;3-4-6-7-8-9-14-16-17-19-20-21-23-25:8,7.8400;7.8600;8.2600;7.9000;7.4800;8.0200;8.0200;8.0800;7.9000;7.8400,5:10;6:61;7:111;8:160;9:101;10:50;11:6;12:1,
kino,3262,2026-08-05,100,500,7.908,12,3-4-6-7-10-11-12-13-18-19-20-21-22-24:12;3-4-6-7-10-11-12-13-15-17-18-22-24-25:12;3-6-7-8-9-10-12-13-16-17-18-20-24-25:11,1-2-4-8-11-14-15-16-17-19-21-22-24-25:6;2-3-4-5-6-7-9-10-13-18-20-22-23-25:9;1-3-4-6-7-12-13-15-16-18-19-20-21-24:10,7.9200;7.7200;7.7400;7.6000;8.0400;7.8000;8.1600;8.0200;7.8600;8.2200,4:1;5:14;6:56;7:131;8:142;9:92;10:43;11:19;12:2,
kino,3262,2026-08-05,250,500,7.812,12,3-4-6-7-8-12-13-17-18-19-20-21-24-25:12;4-5-6-7-10-11-12-13-15-18-19-20-24-25:12;3-4-5-6-7-12-13-14-16-17-18-19-20-24:11,1-3-4-5-6-8-9-10-13-18-19-20-23-25:9;2-4-7-8-11-12-15-16-17-19-20-21-22-24:8;1-2-3-4-6-7-10-13-14-15-16-21-24-25:8,8.0000;7.8000;7.6600;7.9600;7.4400;7.7000;7.7600;8.1200;8.1400;7.5400,4:3;5:12;6:57;7:134;8:150;9:97;10:38;11:7;12:2,
kino,3262,2026-08-05,500,500,7.848,12,1-3-4-6-9-10-12-13-17-18-19-20-24-25:12;1-4-6-7-8-10-11-12-13-16-17-18-20-25:11;4-5-6-7-11-12-13-16-17-18-19-20-22-25:11,1-3-4-5-8-9-10-12-13-16-17-19-23-24:8;1-2-6-7-11-12-13-14-15-18-20-21-22-25:8;2-4-5-6-7-9-10-15-17-18-19-20-21-24:9,7.9200;7.7000;7.9000;7.7800;7.8800;7.6600;7.7600;7.7800;7.9200;8.1800,4:2;5:14;6:54;7:133;8:148;9:97;10:39;11:12;12:1,
kino,3262,2026-08-05,1000,500,7.81,11,3-4-6-7-9-10-14-17-18-19-20-23-24-25:11;2-4-6-7-9-10-12-13-15-17-18-19-20-25:11;1-4-6-7-9-10-11-12-17-18-19-20-23-25:11,2-5-6-7-11-12-13-15-16-17-18-20-23-25:9;1-2-3-4-8-9-14-17-18-21-22-23-24-25:6;3-4-5-6-7-9-10-14-16-17-19-20-22-24:9,8.0800;7.6400;7.6200;7.8200;7.8400;7.7600;8.1200;7.6600;7.6000;7.9600,4:3;5:12;6:71;7:115;8:144;9:108;10:39;11:8,
kino,3262,2026-08-05,all,500,7.886,12,3-6-7-8-10-11-12-13-17-18-19-20-22-24:12;2-3-4-5-6-7-10-12-16-17-19-20-24-25:11;2-3-6-7-10-12-13-17-18-19-20-21-23-25:11,1-2-4-5-7-8-11-12-13-15-17-18-20-25:9;2-3-4-6-8-9-10-11-14-15-16-21-22-23:5;3-5-6-7-8-9-12-13-14-18-19-22-24-25:9,7.8600;7.6600;7.9000;7.8000;7.9600;7.9200;8.0000;8.0400;7.7000;8.0200,4:1;5:14;6:52;7:142;8:127;9:105;10:48;11:10;12:1,
kino,3262,2026-08-05,all_sub,500,7.83,11,1-3-4-7-10-11-12-13-15-17-18-20-22-25:11;3-4-5-7-10-11-12-13-16-17-18-20-21-24:11;1-3-4-7-9-10-11-12-13-17-19-20-22-24:11,2-3-4-7-11-12-14-16-17-18-20-21-23-25:9;1-2-5-6-8-9-10-12-13-14-19-21-22-24:6;1-3-4-5-6-8-10-13-15-16-17-18-21-23:7,7.9800;7.8000;7.9600;7.8400;7.6000;8.0200;7.6800;7.9000;7.7200;7.8000,5:15;6:63;7:124;8:142;9:109;10:40;11:7,
kino,3262,2026-08-05,dia,500,7.908,11,3-4-7-10-11-13-14-16-17-18-19-20-21-25:11;3-4-6-9-10-13-16-17-18-19-20-21-24-25:11;2-4-7-10-11-12-13-17-18-19-20-22-23-25:11,2-4-5-6-7-8-9-12-14-16-17-19-23-25:7;1-3-9-10-11-12-13-15-16-18-21-22-24-25:8;3-4-6-7-8-10-14-15-18-19-20-21-24-25:10,7.6400;7.9600;7.7600;7.9000;7.9000;8.0000;8.2000;7.8200;7.8800;8.0200,4:1;5:21;6:52;7:114;8:139;9:119;10:42;11:12,
kino,3262,2026-08-05,mes,500,7.736,11,1-3-4-6-7-10-12-13-14-17-19-20-21-24:11;3-4-6-7-9-10-11-12-13-18-20-22-23-24:11;1-3-4-6-7-10-12-13-16-18-19-20-21-24:11,1-6-8-9-10-11-12-13-16-18-19-20-21-22:8;2-3-4-5-7-10-13-14-15-16-18-23-24-25:8;2-3-4-5-7-8-9-11-15-17-19-20-22-24:8,7.5800;7.6200;8.0800;7.6800;8.0000;7.6800;7.8000;7.9000;7.4000;7.6200,4:3;5:18;6:58;7:131;8:157;9:95;10:28;11:10,
loto,5460,2026-08-04 21:00:00,50,500,0.852,4,6-9-22-25-35-36:4;3-22-24-25-30-32:3;7-9-10-17-32-36:3,1-2-9-18-33-40:1;7-15-21-23-32-34:1;3-5-22-25-26-30:1,1.0000;0.7600;0.7200;0.9800;0.7600;0.7400;0.7600;0.8600;0.8600;1.0800,0:188;1:216;2:79;3:16;4:1,0:38;1:41;2:9;3:2;4:1
loto,5460,2026-08-04 21:00:00,100,500,0.91,3,7-12-22-24-35-41:3;7-8-23-32-35-36:3;6-12-15-32-35-36:3,11-12-17-33-34-35:1;3-5-14-18-24-38:1;1-6-16-22-25-26:1,1.0200;0.8800;1.1800;0.7400;0.8600;1.0600;1.0000;0.7800;0.7400;0.8400,0:161;1:236;2:90;3:13,0:35;1:30;2:10
loto,5460,2026-08-04 21:00:00,250,500,0.882,4,8-9-11-22-32-36:4;3-21-22-24-32-37:3;8-14-17-22-35-36:3,3-7-12-14-31-34:0;2-13-15-35-36-40:2;6-8-17-18-25-41:0,0.8800;0.9000;1.0200;0.8200;0.9200;0.7000;0.8800;1.0000;0.7600;0.9400,0:188;1:202;2:92;3:17;4:1,0:27;1:30;2:10;3:3
loto,5460,2026-08-04 21:00:00,500,500,0.888,3,3-23-29-32-35-36:3;3-25-27-32-35-36:3;3-9-18-24-30-32:3,2-7-12-33-37-38:0;1-4-5-20-24-39:1;3-6-9-21-23-34:1,0.9400;0.7200;1.1200;0.7000;0.8800;0.8600;1.0200;0.6800;1.1200;0.8400,0:174;1:217;2:100;3:9,0:33;1:29;2:11;3:1
loto,5460,2026-08-04 21:00:00,1000,500,0.854,3,9-18-19-31-32-35:3;9-10-22-24-25-38:3;3-9-23-24-30-35:3,9-13-15-18-21-30:1;8-22-25-27-33-40:1;2-6-16-17-37-39:0,0.8600;0.6200;0.8000;0.8600;0.9200;0.9000;0.8600;0.9400;0.8800;0.9000,0:186;1:216;2:83;3:15,0:38;1:34;2:7;3:2
loto,5460,2026-08-04 21:00:00,all,500,0.858,3,4-9-15-22-35-37:3;9-12-22-24-37-38:3;5-7-9-22-24-37:3,2-11-13-26-33-36:1;3-12-18-24-31-38:1;1-7-22-28-32-34:2,0.8200;0.8800;0.7800;0.5400;1.1200;0.9200;0.8600;0.9000;0.7400;1.0200,0:183;1:215;2:92;3:10,0:31;1:30;2:4
loto,5460,2026-08-04 21:00:00,all_sub,500,0.862,4,7-9-17-24-35-36:4;9-15-22-32-33-37:3;2-9-22-36-37-41:3,6-8-17-19-35-38:1;13-15-18-26-28-32:1;11-21-22-25-33-34:1,0.7600;0.9800;0.8400;0.7800;0.8400;0.9200;0.8800;0.8400;0.7600;1.0200,0:179;1:228;2:77;3:15;4:1,0:33;1:31;2:10
loto,5460,2026-08-04 21:00:00,dia,500,0.888,3,9-16-18-22-36-41:3;7-9-22-24-37-38:3;7-22-26-32-35-38:3,3-19-20-21-36-39:1;4-8-15-24-27-34:1;6-7-10-28-29-31:0,0.7200;0.8000;0.8600;1.0000;0.9000;0.8400;0.8200;0.8800;0.9400;1.1200,0:181;1:213;2:87;3:19,0:27;1:33;2:5
loto,5460,2026-08-04 21:00:00,mes,500,0.906,4,15-22-24-25-32-36:4;11-16-24-25-32-36:3;3-12-22-24-28-35:3,5-6-15-18-37-38:0;2-13-20-34-35-39:1;1-4-22-24-28-33:2,0.7000;0.8400;0.8000;0.8800;0.9000;0.9800;0.9000;1.0400;0.9400;1.0800,0:175;1:217;2:89;3:18;4:1,0:26;1:25;2:8;3:2;4:1
kino,3263,2026-08-07,50,500,7.902,11,1-6-7-8-10-12-14-15-17-18-19-20-22-23:11;1-4-8-9-10-13-15-16-17-19-20-22-23-25:11;1-3-7-8-10-12-13-14-15-17-20-23-24-25:11,1-2-7-8-9-10-13-14-15-16-19-20-22-23:10;2-4-5-6-8-10-11-12-15-17-18-21-24-25:7;3-4-5-6-7-9-11-14-15-18-19-20-21-22:5,7.9800;7.9600;7.6400;7.9800;7.6800;7.9200;8.0800;8.0000;7.5800;8.2000,5:8;6:47;7:124;8:169;9:115;10:33;11:4,
kino,3263,2026-08-07,100,500,7.86,11,1-4-8-11-12-13-14-15-16-17-19-20-23-25:11;1-3-5-8-10-12-13-14-17-18-19-20-22-23:11;1-4-7-8-10-12-13-15-17-18-19-20-22-25:11,3-4-7-8-9-11-12-13-14-16-18-19-22-25:8;1-2-3-5-6-10-11-13-15-18-20-21-23-24:7;1-2-6-7-8-9-12-14-17-18-21-22-23-24:8,7.9400;8.2000;7.8400;7.8800;7.9000;7.5600;7.9000;7.8200;7.7200;7.8400,5:3;6:57;7:124;8:184;9:92;10:35;11:5,
kino,3263,2026-08-07,250,500,7.838,11,1-2-3-4-8-10-13-14-15-16-18-20-23-25:11;1-5-6-8-10-12-14-15-16-18-19-20-23-25:11;1-3-4-8-10-12-14-15-17-18-20-21-22-25:11,1-2-3-4-6-11-12-14-15-18-19-20-21-25:7;1-5-6-7-8-9-10-13-14-16-20-22-23-24:9;3-4-7-9-10-11-12-14-15-16-17-18-22-24:8,7.8800;7.8800;7.7600;8.1600;7.5800;7.5800;8.1400;7.7000;7.9000;7.8000,5:8;6:58;7:129;8:168;9:92;10:39;11:6,
kino,3263,2026-08-07,500,500,8.02,11,1-3-8-9-10-12-15-16-17-18-20-22-23-24:11;1-6-7-10-11-12-15-16-17-18-20-22-23-25:11;1-4-5-8-10-11-12-13-14-15-18-20-22-23:11,1-2-4-5-7-9-12-13-17-18-19-20-23-24:7;1-3-6-8-9-10-12-14-15-16-20-21-22-25:10;3-4-6-8-10-11-13-17-18-19-21-23-24-25:7,7.9600;8.1200;8.1400;7.9000;8.1400;7.8000;8.0000;8.0000;7.9600;8.1800,4:1;5:3;6:35;7:135;8:153;9:128;10:35;11:10,
kino,3263,2026-08-07,1000,500,7.878,11,1-3-6-8-10-13-15-16-17-18-20-23-24-25:11;1-3-4-6-8-10-12-13-14-15-16-18-21-25:10;1-2-5-6-8-10-12-13-15-17-18-22-23-24:10,2-3-4-5-7-8-9-11-14-15-18-20-21-23:6;1-3-5-6-7-10-11-12-16-17-19-22-24-25:7;1-3-4-6-8-10-12-13-14-15-16-18-21-25:10,8.0000;7.9000;7.9200;7.9200;7.7400;8.0000;7.7600;7.8000;7.7400;8.0000,4:1;5:6;6:49;7:131;8:159;9:119;10:34;11:1,
kino,3263,2026-08-07,all,500,7.878,12,1-4-7-8-10-12-13-14-17-18-20-22-23-25:12;3-4-8-10-12-13-14-15-16-17-20-22-23-25:12;1-5-7-8-10-13-14-15-17-18-20-22-24-25:11,2-3-4-5-6-8-9-11-12-15-17-23-24-25:6;1-5-6-7-9-10-12-13-14-18-19-20-22-25:9;2-4-7-8-11-13-15-16-17-18-19-20-21-23:8,7.8400;8.0000;7.7000;7.8200;7.8600;7.9000;8.0400;7.8800;7.8200;7.9200,4:2;5:4;6:47;7:146;8:148;9:116;10:30;11:5;12:2,
kino,3263,2026-08-07,all_sub,500,7.816,11,1-3-5-7-8-12-13-14-15-16-20-22-23-25:11;1-5-7-10-11-12-15-16-17-18-20-22-23-25:11;1-4-7-9-10-12-13-14-15-17-18-22-23-25:11,1-4-5-6-7-8-9-14-16-17-20-22-23-25:9;2-3-5-6-7-10-11-12-13-14-15-16-19-24:6;1-3-4-8-9-11-14-15-18-19-21-22-23-24:7,7.5200;7.7000;7.8800;7.9400;7.7600;7.8800;7.7400;8.1000;7.9200;7.7200,5:10;6:47;7:139;8:177;9:87;10:36;11:4,
kino,3263,2026-08-07,dia,500,7.88,12,1-3-4-8-12-13-14-16-17-18-20-22-23-25:12;1-4-5-9-10-12-13-14-15-16-17-20-22-23:11;1-3-5-10-12-13-15-16-17-18-20-21-22-23:11,1-2-3-4-6-9-11-14-16-18-21-22-23-24:6;3-5-7-8-10-11-12-13-15-16-19-20-24-25:8;1-2-4-6-9-10-12-13-14-15-17-19-23-25:9,8.0000;7.7800;8.0200;7.8400;7.9000;7.9800;7.7200;7.9200;8.0000;7.6400,5:11;6:50;7:113;8:178;9:115;10:29;11:3;12:1,
kino,3263,2026-08-07,mes,500,7.846,11,1-5-7-8-10-12-13-15-16-17-18-19-22-23:11;1-5-8-9-10-11-12-13-15-16-18-20-23-25:11;1-4-7-10-11-12-13-14-15-16-18-22-23-25:11,1-2-5-7-8-9-10-14-17-18-20-22-23-24:9;1-2-3-4-6-7-12-13-15-16-19-20-21-25:7;1-3-4-6-8-9-10-11-14-15-17-21-24-25:7,7.8000;7.9800;7.9200;7.7000;7.9600;8.1200;7.8200;7.6800;7.5000;7.9800,5:11;6:53;7:125;8:175;9:92;10:37;11:7,
kino,3264,2026-08-09,50,500,7.828,12,2-3-5-6-10-12-13-15-17-18-21-22-23-25:12;2-3-5-9-10-12-15-16-17-18-20-21-22-23:11;1-4-9-10-12-14-15-16-17-18-21-22-23-25:11,1-2-4-7-9-10-12-13-15-19-21-22-24-25:8;3-5-6-8-10-11-12-16-17-18-19-20-21-23:9;1-3-4-5-8-9-11-13-14-18-19-20-24-25:5,7.7400;7.6800;7.6200;7.9600;7.9400;7.9800;7.8200;7.8200;7.9400;7.7800,4:2;5:8;6:55;7:137;8:155;9:102;10:33;11:7;12:1,
kino,3264,2026-08-09,100,500,7.826,11,3-4-5-6-10-12-13-15-16-17-19-21-22-25:11;3-4-6-9-10-11-13-15-16-17-22-23-24-25:11;2-3-5-8-9-10-12-13-15-17-18-21-22-23:11,1-4-7-8-11-12-13-14-17-19-20-22-24-25:5;2-3-5-6-10-11-12-15-16-17-18-19-21-23:10;1-6-7-8-9-10-14-15-16-18-20-21-24-25:8,7.8800;7.6800;7.7000;8.0400;7.6800;8.3200;7.8400;7.7400;7.6800;7.7000,4:3;5:21;6:57;7:121;8:133;9:117;10:38;11:10,
kino,3264,2026-08-09,250,500,7.798,11,2-3-5-6-9-10-12-13-16-18-21-22-23-24:11;2-3-5-7-9-10-12-13-16-17-18-21-22-23:11;4-5-6-7-10-12-13-15-17-18-21-22-23-25:11,1-2-5-6-8-9-10-11-13-15-20-21-22-23:8;1-3-6-7-8-12-14-16-17-18-19-21-24-25:8;2-3-4-9-10-11-13-14-16-17-18-22-23-24:9,7.7600;7.5800;7.8200;7.9200;7.9600;7.7600;7.9200;7.6200;7.7000;7.9400,5:16;6:50;7:137;8:157;9:105;10:26;11:9,
kino,3264,2026-08-09,500,500,7.8,11,2-3-8-9-10-12-13-15-16-17-18-22-24-25:11;1-2-3-6-9-10-12-15-16-18-20-22-23-25:11;3-4-6-7-9-10-12-13-15-16-21-22-24-25:11,1-2-6-7-8-10-11-12-16-17-18-21-22-23:9;3-5-9-11-12-13-14-15-16-18-19-20-24-25:8;1-3-4-5-7-9-10-13-14-17-18-20-22-23:8,8.0200;7.9600;7.8400;7.6200;7.8800;7.6600;7.8400;7.8200;7.5400;7.8200,4:1;5:14;6:54;7:127;8:167;9:96;10:38;11:3,
kino,3264,2026-08-09,1000,500,7.812,11,3-6-7-8-9-10-12-14-16-17-18-21-23-25:11;3-6-8-9-10-11-12-13-15-16-21-23-24-25:11;1-3-9-10-12-13-14-16-17-18-20-21-23-25:11,1-2-3-5-10-11-12-15-16-18-21-23-24-25:9;2-4-6-7-8-9-13-14-17-19-21-22-24-25:7;1-3-4-5-7-8-12-13-14-15-18-20-22-24:6,7.7600;8.0400;7.7600;7.7200;7.8000;7.8600;7.6600;7.6800;8.0200;7.8200,4:1;5:13;6:57;7:130;8:150;9:115;10:24;11:10,
kino,3264,2026-08-09,all,500,7.766,11,1-3-6-8-9-12-15-16-18-20-21-22-23-25:11;3-5-6-9-10-12-13-14-16-17-22-23-24-25:11;1-3-4-6-7-9-10-12-15-18-21-22-23-25:11,1-2-4-5-6-7-12-13-14-15-17-18-20-24:6;2-3-7-8-10-11-13-16-17-19-21-22-24-25:8;1-3-6-8-9-12-15-16-18-20-21-22-23-25:11,7.6600;7.6000;7.9200;7.5800;7.8000;7.8000;7.6000;7.9600;7.8400;7.9000,4:1;5:13;6:57;7:145;8:145;9:98;10:36;11:5,
kino,3264,2026-08-09,all_sub,500,7.912,12,2-3-6-7-9-12-13-15-16-17-18-21-22-25:12;1-3-5-6-10-12-13-14-16-17-18-21-23-25:11;3-4-6-7-12-13-15-16-18-19-21-22-23-25:11,3-4-9-10-11-12-13-15-16-18-19-20-21-24:9;1-2-3-5-6-7-8-10-14-16-19-22-23-25:7;1-2-3-4-7-11-12-13-14-17-20-22-23-24:6,7.8600;7.8800;7.8400;7.7800;7.7200;7.6800;8.1600;7.9400;8.2000;8.0600,5:14;6:65;7:109;8:149;9:103;10:47;11:12;12:1,
kino,3264,2026-08-09,dia,500,7.848,11,2-3-6-8-9-10-12-16-17-18-21-23-24-25:11;2-3-5-6-7-10-13-15-16-17-18-22-23-25:11;3-4-8-9-10-13-15-16-17-18-20-22-23-25:11,1-3-4-5-7-11-12-14-17-18-20-23-24-25:6;1-2-6-8-9-10-12-13-16-19-21-22-23-24:9;1-2-3-4-6-8-11-14-15-16-17-19-20-22:6,7.7800;7.8000;7.9200;7.9800;7.8800;7.9200;7.5000;7.8600;8.0000;7.8400,4:1;5:14;6:56;7:116;8:159;9:116;10:32;11:6,
kino,3264,2026-08-09,mes,500,7.828,11,1-3-6-9-10-12-13-14-16-18-20-21-22-25:11;2-3-4-6-9-10-11-12-13-15-17-18-21-23:11;1-2-3-6-10-12-13-15-16-18-21-23-24-25:11,2-4-8-9-10-12-13-14-15-16-17-21-22-23:10;1-3-4-6-7-10-11-15-16-18-19-20-24-25:7;1-2-3-5-6-8-9-11-12-17-18-20-23-25:8,7.7800;7.5800;8.0800;8.2600;7.8600;7.9600;7.4400;7.6200;7.8400;7.8600,4:2;5:19;6:54;7:116;8:160;9:102;10:40;11:7,
loto,5461,2026-08-06 21:00:00,50,500,0.888,3,3-7-12-20-30-31:3;7-12-13-17-22-41:3;7-12-17-33-38-39:3,8-10-18-33-36-41:1;4-5-19-29-30-40:1;1-3-16-23-26-38:0,0.9200;0.8600;0.9400;0.7200;0.9600;0.9000;0.9000;0.9800;0.9000;0.8000,0:185;1:205;2:91;3:19,0:32;1:29;2:8;3:1
loto,5461,2026-08-06 21:00:00,100,500,0.854,3,8-9-10-20-23-29:3;6-8-12-18-29-39:3;7-13-17-20-22-32:3,6-18-24-30-33-39:0;7-8-9-16-21-40:2;2-5-14-25-27-35:0,1.0200;0.8600;0.8800;0.9200;0.8000;0.7800;0.7200;0.7600;0.8600;0.9400,0:189;1:208;2:90;3:13,0:30;1:33;2:12;3:1
loto,5461,2026-08-06 21:00:00,250,500,0.876,4,6-7-12-17-29-31:4;17-20-22-25-29-38:3;1-8-13-17-20-39:3,2-4-19-27-30-35:0;6-7-8-24-32-41:2;17-20-22-25-29-38:3,1.0400;0.8200;0.7000;0.9200;0.9000;0.7600;0.9000;0.9400;0.9200;0.8600,0:179;1:221;2:84;3:15;4:1,0:21;1:33;2:7;3:4
loto,5461,2026-08-06 21:00:00,500,500,0.87,3,5-8-11-17-20-30:3;7-8-10-11-29-34:3;8-17-19-20-22-27:3,9-18-19-23-28-33:0;5-8-11-22-32-40:1;14-21-27-29-30-34:1,0.7200;0.7600;0.9000;0.8000;0.9600;0.8200;0.9400;1.0000;0.9600;0.8400,0:181;1:219;2:84;3:16,0:27;1:29;2:5;3:1
loto,5461,2026-08-06 21:00:00,1000,500,0.878,3,7-12-13-17-28-35:3;8-9-18-20-29-31:3;7-8-11-17-26-37:3,11-15-20-24-30-32:1;1-3-8-27-35-36:1;2-7-16-17-21-31:2,1.0800;0.8000;0.9400;0.9000;0.9400;0.8000;0.7400;0.9000;0.8600;0.8200,0:180;1:215;2:91;3:14,0:37;1:25;2:11
loto,5461,2026-08-06 21:00:00,all,500,0.882,3,8-9-11-17-20-35:3;8-9-20-29-32-38:3;12-13-16-17-18-29:3,17-18-19-31-33-38:1;1-8-13-26-27-34:1;3-6-10-24-25-32:0,0.7400;0.7800;1.2200;0.7800;0.8000;0.8600;0.7400;0.9000;0.9400;1.0600,0:189;1:198;2:96;3:17,0:33;1:25;2:9;3:1
loto,5461,2026-08-06 21:00:00,all_sub,500,0.832,4,7-8-16-17-29-39:4;7-8-12-29-36-40:4;8-13-17-20-32-35:3,1-8-25-27-28-34:1;13-14-18-31-36-37:0;4-7-23-26-30-41:1,0.8800;0.7200;0.9600;0.8200;0.9600;0.8000;0.8800;0.8000;0.7600;0.7400,0:200;1:199;2:88;3:11;4:2,0:29;1:25;2:19
loto,5461,2026-08-06 21:00:00,dia,500,0.828,4,7-8-12-17-18-36:4;7-12-17-20-28-41:4;7-17-20-23-29-32:4,3-8-14-27-35-41:1;1-9-10-21-28-37:0;6-11-13-16-17-31:1,0.4600;1.0200;0.8600;0.9200;0.7800;0.8800;0.8800;0.6200;1.0400;0.8200,0:208;1:189;2:87;3:13;4:3,0:38;1:29;2:12;3:1
loto,5461,2026-08-06 21:00:00,mes,500,0.914,4,7-12-13-20-29-41:4;6-7-8-17-21-30:3;4-8-11-20-29-33:3,12-13-18-21-33-39:1;5-20-25-27-30-35:1;10-15-17-34-36-40:1,0.9800;0.9600;0.8200;0.8200;1.0200;1.0000;0.9600;0.9400;0.7600;0.8800,0:166;1:228;2:90;3:15;4:1,0:30;1:34;2:9;3:3
kino,3265,2026-08-12,50,500,7.82,11,1-2-4-8-10-11-13-14-16-17-19-22-23-25:11;1-4-5-6-8-10-12-13-15-16-17-19-22-23:11;1-4-6-8-11-12-13-16-17-19-21-22-23-24:11,1-2-3-4-8-10-12-14-15-17-18-23-24-25:8;2-4-5-6-7-8-9-13-16-17-19-20-21-22:10;3-4-5-6-10-11-12-14-15-16-19-20-21-24:6,7.8200;7.7600;7.6000;7.7800;7.8000;7.9000;7.9800;7.9800;7.9200;7.6600,5:12;6:61;7:135;8:138;9:111;10:37;11:6,
kino,3265,2026-08-12,100,500,7.886,12,1-5-6-7-8-10-13-16-17-19-22-23-24-25:12;1-3-4-6-7-10-12-13-16-17-19-23-24-25:11;1-2-4-10-12-13-15-16-17-19-22-23-24-25:11,2-3-5-7-9-12-13-14-17-20-21-22-23-24:7;4-5-6-9-10-11-13-15-16-18-19-21-24-25:7;1-2-4-7-8-10-11-14-15-17-19-20-22-25:9,7.8800;8.0800;7.7400;8.1800;7.9800;7.8000;7.7800;7.9200;7.7600;7.7400,4:1;5:14;6:44;7:135;8:159;9:90;10:50;11:6;12:1,
kino,3265,2026-08-12,250,500,7.9,11,1-2-4-5-6-9-10-13-17-19-20-22-23-24:11;1-2-6-7-8-9-13-16-17-18-19-22-23-25:11;1-3-4-6-7-8-10-11-13-16-17-21-22-24:11,1-4-5-6-7-8-10-12-13-18-20-22-23-25:9;1-2-3-6-7-9-14-16-17-18-19-21-24-25:8;2-4-5-7-10-11-12-15-16-17-18-20-21-24:7,7.8000;7.6800;8.1800;7.8200;7.8600;8.0000;7.9600;8.0200;8.1200;7.5600,4:1;5:14;6:53;7:123;8:153;9:97;10:49;11:10,
kino,3265,2026-08-12,500,500,7.928,11,1-2-4-6-8-12-13-16-17-19-20-21-23-24:11;1-2-6-7-8-9-10-11-13-16-21-22-23-24:11;1-2-5-7-8-10-11-12-13-16-17-22-23-24:11,1-2-5-6-7-9-10-12-13-14-18-20-23-24:8;3-4-7-8-11-12-14-16-17-19-20-22-23-25:8;2-3-6-11-12-13-14-15-16-18-19-21-24-25:6,7.6000;7.9600;8.0800;7.5800;7.9000;8.4200;7.9000;7.8400;8.0400;7.9600,4:1;5:7;6:50;7:126;8:159;9:113;10:30;11:14,
kino,3265,2026-08-12,1000,500,7.894,12,1-2-4-5-6-8-10-13-16-17-21-22-23-24:12;1-5-6-7-8-10-13-14-15-16-17-22-23-24:11;1-2-5-6-7-8-10-14-17-18-19-22-23-24:11,2-4-5-7-9-10-11-12-14-16-20-21-24-25:6;1-2-3-6-8-9-12-13-17-18-20-21-22-23:8;3-4-6-7-8-10-11-15-17-18-19-23-24-25:9,7.7800;7.9400;8.0000;7.6200;8.0000;7.8400;7.7400;8.1400;7.9400;7.9400,4:1;5:11;6:57;7:109;8:164;9:113;10:42;11:2;12:1,
kino,3265,2026-08-12,all,500,7.85,12,1-2-4-6-8-9-10-12-13-17-19-22-23-24:12;1-2-4-5-6-8-10-15-16-17-19-22-24-25:11;1-4-6-7-8-10-12-14-15-16-17-19-23-24:11,1-3-4-5-8-9-10-11-14-16-17-18-21-24:7;2-4-6-7-12-13-15-16-17-19-20-23-24-25:10;1-2-3-4-7-10-12-14-15-18-20-21-22-25:6,7.6600;7.9800;7.8800;7.8000;7.6200;7.9600;7.9800;7.8000;7.9200;7.9000,5:13;6:57;7:119;8:161;9:108;10:38;11:3;12:1,
kino,3265,2026-08-12,all_sub,500,7.842,12,1-2-3-4-6-7-10-13-16-17-22-23-24-25:12;1-2-4-6-9-10-11-12-16-17-19-22-23-24:11;2-3-4-7-8-9-10-13-17-19-22-23-24-25:11,3-5-7-8-9-10-14-15-17-18-20-22-23-25:6;1-2-4-6-9-10-11-12-13-14-16-19-24-25:9;1-2-3-5-6-7-10-12-15-16-18-21-22-24:8,8.1000;7.5800;7.6000;7.8800;7.7400;8.1200;7.8800;7.9200;7.8000;7.8000,4:5;5:17;6:55;7:111;8:164;9:93;10:46;11:8;12:1,
kino,3265,2026-08-12,dia,500,7.864,12,1-2-4-6-8-10-11-13-16-17-18-19-22-23:12;1-4-7-8-10-14-15-16-17-18-19-22-23-24:11;1-2-3-5-6-7-8-10-13-17-22-23-24-25:11,1-2-4-6-7-11-13-14-15-18-21-22-23-24:9;1-3-5-7-8-10-12-14-16-17-18-20-21-25:6;2-4-9-11-12-14-15-16-17-18-19-20-24-25:6,7.9000;7.8200;7.8000;8.1200;7.9600;7.7000;7.9400;7.8000;7.8000;7.8000,4:1;5:16;6:59;7:115;8:150;9:111;10:39;11:8;12:1,
kino,3265,2026-08-12,mes,500,7.926,12,1-2-4-6-7-9-10-13-16-18-19-22-23-24:12;1-2-3-4-7-8-9-10-13-17-21-22-23-24:11;1-2-6-7-8-10-13-16-18-19-21-22-24-25:11,2-3-4-6-8-9-10-11-15-16-18-23-24-25:8;1-5-8-10-11-12-13-14-15-17-19-20-21-22:7;2-4-6-7-12-13-15-17-18-19-20-22-23-25:9,7.6400;7.7400;8.1600;8.2400;7.9800;7.8200;7.8600;7.8600;8.1000;7.8600,4:2;5:7;6:49;7:128;8:149;9:122;10:34;11:8;12:1,
loto,5463,2026-08-11 21:00:00,50,500,0.938,4,10-12-23-24-35-37:4;10-17-18-20-22-37:4;4-6-10-17-35-37:3,5-8-13-18-26-28:1;2-3-23-24-27-38:1;9-11-15-17-22-30:1,0.9600;1.0200;1.0800;0.9200;1.0000;0.7200;0.9200;0.8600;1.0600;0.8400,0:171;1:209;2:102;3:16;4:2,0:28;1:17;2:15;3:2
loto,5463,2026-08-11 21:00:00,100,500,0.948,3,18-21-22-25-32-35:3;3-10-15-22-27-35:3;7-10-16-34-35-37:3,3-4-21-27-31-38:0;9-18-20-29-36-40:1;7-11-26-34-35-37:2,1.1200;0.8800;1.1000;0.9800;0.8800;0.8400;0.7600;0.9200;1.0000;1.0000,0:164;1:213;2:108;3:15,0:25;1:34;2:8;3:2
loto,5463,2026-08-11 21:00:00,250,500,0.942,3,10-14-23-25-26-37:3;8-10-22-23-38-41:3;10-13-18-24-27-35:3,2-7-13-22-32-41:1;10-14-23-25-26-37:3;9-12-15-24-27-28:0,1.0800;1.0600;0.8400;0.8600;1.0200;0.7600;1.1400;0.7200;0.9800;0.9600,0:168;1:205;2:115;3:12,0:27;1:35;2:17
loto,5463,2026-08-11 21:00:00,500,500,0.892,4,2-10-23-26-35-37:4;12-18-19-21-22-35:3;10-21-23-30-36-37:3,5-15-20-21-28-40:0;9-12-19-26-33-34:0;16-17-18-30-36-41:1,0.8400;0.7600;1.0000;0.9000;0.8800;0.8600;0.8600;0.8800;1.0600;0.8800,0:177;1:216;2:92;3:14;4:1,0:30;1:22;2:14
loto,5463,2026-08-11 21:00:00,1000,500,0.894,4,9-10-23-32-35-37:4;10-14-16-30-35-37:3;10-14-18-29-36-37:3,3-17-18-28-35-36:2;8-10-16-23-24-39:2;4-6-19-20-40-41:0,0.8600;0.9000;0.8800;0.7400;0.8000;0.9200;0.9800;0.9400;1.1400;0.7800,0:181;1:210;2:91;3:17;4:1,0:42;1:32;2:11;3:1
loto,5463,2026-08-11 21:00:00,all,500,0.942,4,5-10-18-22-29-35:4;15-18-20-23-26-37:3;10-17-23-28-35-38:3,11-17-18-30-32-41:1;19-21-23-25-26-36:1;2-7-20-22-27-33:1,0.8000;1.1200;0.7600;1.0400;0.7200;0.9800;1.3200;0.8200;1.1000;0.7600,0:171;1:209;2:99;3:20;4:1,0:23;1:32;2:8;3:1
loto,5463,2026-08-11 21:00:00,all_sub,500,0.942,4,6-10-16-18-23-37:4;4-13-18-20-23-35:3;5-10-29-30-35-37:3,14-17-18-21-28-32:1;3-6-12-15-19-38:0;1-10-24-33-37-41:2,0.8000;0.9800;1.1400;0.7200;1.0800;1.0200;1.0800;0.8600;0.9400;0.8000,0:160;1:226;2:98;3:15;4:1,0:32;1:28;2:12
loto,5463,2026-08-11 21:00:00,dia,500,0.852,3,10-14-15-18-25-35:3;10-12-24-27-35-37:3;10-14-18-21-25-35:3,10-14-15-18-25-35:3;2-13-22-23-26-32:2;1-4-19-28-30-38:0,0.7800;0.9800;0.7000;0.9200;0.8400;0.9400;0.7000;0.8400;1.1000;0.7200,0:182;1:221;2:86;3:11,0:32;1:36;2:10
loto,5463,2026-08-11 21:00:00,mes,500,0.866,4,7-18-22-24-35-37:4;10-13-18-22-26-37:4;10-13-17-18-23-37:4,12-13-16-21-22-33:1;1-11-28-32-36-37:1;6-17-19-27-38-40:0,0.7400;0.6800;0.9000;1.0000;0.9400;0.9200;0.7600;0.9200;0.8600;0.9400,0:190;1:207;2:86;3:14;4:3,0:32;1:34;2:16;3:3
kino,3266,2026-08-14,50,500,7.878,12,3-4-5-7-8-9-11-14-17-18-19-22-23-24:12;3-6-8-9-10-11-14-17-18-19-20-22-24-25:11;4-6-7-8-9-10-13-16-17-18-19-20-22-23:11,2-3-4-5-8-9-10-13-15-17-19-20-21-24:7;1-3-6-7-8-9-11-12-14-15-16-18-22-23:10;1-2-4-6-10-11-15-16-17-18-20-21-23-25:7,8.2400;7.9400;7.8000;7.6000;7.8600;7.8000;7.9200;7.8000;7.9400;7.8800,4:3;5:14;6:49;7:118;8:163;9:110;10:31;11:11;12:1,
kino,3266,2026-08-14,100,500,7.854,12,1-3-4-8-9-10-11-14-15-17-18-19-22-23:12;3-4-6-7-8-9-10-11-14-15-18-21-23-25:11;1-3-4-6-7-9-14-16-17-18-19-21-22-23:11,2-3-6-7-9-10-11-12-14-15-17-22-23-25:10;1-2-4-5-8-11-13-14-18-19-20-23-24-25:7;1-2-3-6-7-10-13-15-16-19-20-21-24-25:5,7.6800;7.9600;8.0000;7.6600;8.0400;7.8400;7.7000;8.0400;7.8800;7.7400,4:1;5:12;6:51;7:146;8:136;9:99;10:50;11:4;12:1,
kino,3266,2026-08-14,250,500,7.818,12,1-4-6-7-8-9-10-11-14-17-19-21-22-23:12;1-3-4-6-7-8-9-10-14-17-19-22-23-25:12;2-3-4-5-8-9-11-14-17-18-19-22-23-24:11,2-5-7-8-10-11-13-16-17-18-19-23-24-25:8;2-3-4-6-9-12-14-15-17-20-21-22-24-25:7;1-4-6-7-8-9-10-11-14-17-19-21-22-23:12,7.7400;7.8200;8.0400;7.9400;7.8400;7.6200;7.7200;7.6600;7.9400;7.8600,4:2;5:15;6:50;7:138;8:147;9:104;10:38;11:4;12:2,
kino,3266,2026-08-14,500,500,7.746,12,3-5-6-7-8-9-10-11-14-17-18-19-20-22:12;3-4-5-6-8-9-10-14-17-18-19-20-22-23:12;4-6-7-9-10-11-13-14-15-17-18-19-22-25:11,1-6-7-8-9-12-14-15-16-18-19-21-23-25:8;2-3-4-5-6-8-10-11-13-17-20-22-23-24:9;3-4-5-7-9-10-14-16-18-19-20-22-24-25:9,8.0000;7.8000;7.7200;7.4600;7.9400;7.4800;7.8800;7.5600;7.8400;7.7800,4:2;5:15;6:55;7:141;8:147;9:108;10:29;11:1;12:2,
kino,3266,2026-08-14,1000,500,7.846,11,1-3-6-8-9-10-12-14-15-17-18-19-22-23:11;2-3-6-7-8-10-11-12-14-17-19-20-22-23:11;2-4-5-6-7-8-9-14-17-18-19-22-23-25:11,2-5-6-9-10-12-14-17-18-19-20-21-22-23:9;1-3-4-5-7-8-11-12-13-16-18-19-24-25:7;1-2-3-5-7-8-10-15-16-17-20-21-22-25:6,7.5200;8.2200;7.9000;8.1200;7.4000;7.8000;7.7400;7.8200;8.0600;7.8800,5:17;6:55;7:122;8:157;9:102;10:37;11:10,
kino,3266,2026-08-14,all,500,7.974,12,1-4-6-7-8-9-11-14-17-18-19-20-22-23:12;2-3-4-7-8-10-11-14-18-19-22-23-24-25:11;3-4-6-7-8-10-11-15-17-18-20-21-22-23:11,1-2-5-7-8-9-12-13-15-16-17-20-22-25:5;2-3-4-7-8-10-11-14-18-19-22-23-24-25:11;1-3-4-6-9-12-13-14-17-18-19-20-21-23:9,7.7200;7.5600;8.4600;8.1600;7.7600;7.9800;7.8800;7.9600;8.2000;8.0600,5:13;6:57;7:109;8:157;9:93;10:58;11:12;12:1,
kino,3266,2026-08-14,all_sub,500,7.99,11,4-5-6-7-8-10-11-13-14-17-18-21-22-23:11;1-3-4-6-7-10-11-14-15-17-18-19-20-23:11;2-3-4-6-8-11-14-17-18-19-22-23-24-25:11,1-2-4-5-7-8-9-11-16-17-18-20-22-23:9;1-2-3-5-6-8-12-13-14-15-16-21-24-25:4;1-3-6-7-8-10-11-12-15-18-19-20-22-25:9,7.7200;7.9800;8.1200;8.1200;7.9400;7.7200;7.9200;8.1000;8.0000;8.2800,4:1;5:9;6:54;7:118;8:152;9:96;10:54;11:16,
kino,3266,2026-08-14,dia,500,7.806,11,2-3-4-6-9-10-11-12-14-16-17-18-19-23:11;2-3-4-5-7-8-9-10-11-16-17-19-22-23:11;2-3-4-6-7-9-10-11-12-14-18-19-23-24:11,1-2-7-8-9-11-12-14-16-19-20-22-23-25:8;3-4-6-10-11-12-13-15-16-17-19-21-23-24:8;1-4-5-6-8-9-13-14-15-17-18-20-24-25:7,7.7400;7.7200;7.8200;7.6400;7.9000;7.9400;7.7200;7.6400;8.2600;7.6800,4:1;5:19;6:71;7:110;8:148;9:95;10:47;11:9,
kino,3266,2026-08-14,mes,500,7.814,12,3-6-7-8-9-10-11-14-17-19-20-22-23-25:12;1-3-4-6-8-10-14-15-17-18-19-20-22-23:11;5-6-8-9-10-11-14-15-16-17-18-19-22-23:11,1-2-4-5-7-8-12-13-15-17-18-21-22-25:6;2-3-6-8-9-10-11-14-16-17-19-20-23-25:10;1-3-4-6-8-9-13-14-15-16-18-19-22-24:9,7.8400;7.9800;8.0000;7.8000;7.6000;7.9600;7.5800;7.6400;7.8800;7.8600,4:2;5:12;6:61;7:130;8:147;9:104;10:34;11:9;12:1,
kino,3267,2026-08-16,50,500,7.93,12,1-4-6-7-8-9-13-14-17-18-19-20-24-25:12;1-2-5-6-7-9-12-14-15-16-18-19-24-25:11;4-5-6-7-8-9-11-14-17-18-19-20-24-25:11,1-2-5-6-8-9-13-15-16-18-19-21-22-24:8;3-4-5-6-8-9-10-11-13-14-17-20-23-25:7;1-2-4-5-7-8-10-12-16-17-18-21-23-25:8,8.0800;7.7200;7.9400;8.1600;7.7200;8.3000;8.0000;7.7600;7.8400;7.7800,4:1;5:11;6:45;7:129;8:161;9:98;10:43;11:11;12:1,
kino,3267,2026-08-16,100,500,7.91,11,3-6-8-9-11-12-14-16-17-18-19-20-21-24:11;1-4-6-8-9-12-14-15-16-17-18-19-20-23:11;1-3-6-7-8-9-14-15-16-18-19-20-22-25:11,2-4-6-7-8-9-10-11-13-15-19-21-24-25:7;1-2-3-6-8-9-12-14-15-16-17-20-22-23:9;1-3-4-6-7-10-11-12-13-16-17-18-19-23:8,7.8600;7.6000;7.6400;8.0400;7.9400;8.1400;7.8600;8.0000;8.0000;8.0200,4:1;5:12;6:46;7:133;8:147;9:111;10:41;11:9,
kino,3267,2026-08-16,250,500,7.81,11,4-5-6-8-9-12-14-15-17-18-19-20-24-25:11;1-4-7-8-9-11-12-14-16-17-19-22-24-25:11;1-6-7-9-10-11-12-14-17-18-19-20-21-25:11,1-2-3-5-7-8-9-12-14-17-18-22-24-25:10;4-5-6-9-10-11-15-16-18-19-20-21-23-25:7;1-4-6-8-10-11-12-13-16-17-21-22-24-25:8,7.8800;7.9000;8.0200;7.9400;7.9400;7.8800;7.7200;7.5000;7.7200;7.6000,4:2;5:17;6:62;7:113;8:156;9:105;10:39;11:6,
kino,3267,2026-08-16,500,500,7.946,11,1-6-7-8-10-11-13-14-16-18-19-20-24-25:11;1-4-5-6-7-9-12-14-16-17-18-19-22-25:11;1-6-8-9-12-13-14-16-17-19-20-22-23-25:11,2-3-5-6-7-8-10-11-12-16-17-18-23-24:8;1-4-5-7-10-12-13-14-15-17-20-21-22-25:7;1-4-6-8-9-11-13-15-16-19-22-23-24-25:8,8.0400;7.9200;7.9000;7.9200;8.0000;7.8000;7.8000;7.9200;8.1400;8.0200,4:2;5:5;6:49;7:128;8:162;9:97;10:46;11:11,
kino,3267,2026-08-16,1000,500,7.804,11,1-4-5-6-7-9-12-14-16-17-19-22-24-25:11;4-5-7-8-9-11-12-14-16-17-18-19-24-25:11;1-6-8-9-10-12-14-15-16-19-20-21-24-25:11,1-2-4-5-6-8-10-12-13-15-18-21-22-23:5;1-3-7-8-9-10-11-14-16-17-20-21-22-25:9;2-4-5-6-9-11-14-15-16-17-18-19-20-24:9,7.7200;7.8200;8.0000;7.8400;7.8000;7.5200;7.6000;7.9000;8.1400;7.7000,4:2;5:16;6:62;7:115;8:160;9:99;10:40;11:6,
kino,3267,2026-08-16,all,500,7.906,12,1-5-6-7-8-9-14-16-17-18-19-22-24-25:12;1-3-5-6-8-11-12-14-16-17-18-20-24-25:11;1-3-5-6-7-9-11-12-14-16-17-18-19-24:11,2-4-5-7-8-11-12-13-14-16-18-21-22-23:6;1-3-6-7-8-9-10-12-13-15-17-18-24-25:10;1-2-4-6-9-10-11-15-16-19-20-22-23-25:7,8.0400;7.9400;7.7600;7.9600;8.1200;8.1600;7.7200;7.6400;7.8200;7.9000,4:1;5:8;6:54;7:127;8:156;9:101;10:45;11:7;12:1,
kino,3267,2026-08-16,all_sub,500,7.86,12,1-6-7-8-9-12-13-14-16-17-18-20-21-25:12;1-2-5-6-7-8-9-12-14-16-17-19-21-24:11;1-2-3-5-6-7-9-12-14-16-19-20-24-25:11,1-3-4-5-7-8-10-11-14-16-21-22-23-24:6;2-4-6-7-8-9-12-13-15-18-19-20-22-25:9;2-5-6-9-11-13-14-16-17-18-19-21-22-23:7,7.7400;7.8000;7.6000;7.7600;7.8400;7.9000;7.9400;8.0400;8.0400;7.9400,4:1;5:12;6:60;7:122;8:147;9:111;10:41;11:5;12:1,
kino,3267,2026-08-16,dia,500,7.906,12,1-6-7-8-11-12-14-15-17-18-19-20-24-25:12;1-3-5-6-7-8-9-14-16-17-18-20-21-25:11;1-3-6-7-8-9-14-15-16-17-18-21-24-25:11,1-2-8-9-10-11-13-15-17-18-20-22-24-25:8;2-3-4-5-6-7-11-12-15-16-18-19-21-23:6;1-3-5-6-7-8-9-14-16-17-18-20-21-25:11,8.0000;7.9800;7.9800;7.7000;7.7800;7.7800;7.8800;8.0800;7.8600;8.0200,5:17;6:43;7:125;8:156;9:110;10:43;11:5;12:1,
kino,3267,2026-08-16,mes,500,7.908,11,1-2-6-8-12-13-15-16-17-18-19-20-24-25:11;1-4-6-8-9-13-14-16-17-18-19-20-23-25:11;1-6-7-8-9-10-12-13-14-16-18-19-23-24:11,2-3-5-6-7-8-10-13-14-16-17-18-21-23:7;3-4-7-9-11-12-14-15-16-19-20-22-24-25:9;1-2-6-8-12-13-15-16-17-18-19-20-24-25:11,8.0400;7.8400;7.8600;8.1400;7.8600;8.0400;7.7400;7.7200;7.8200;8.0200,4:1;5:13;6:50;7:124;8:154;9:106;10:41;11:11,
loto,5464,2026-08-13 21:00:00,50,500,0.916,3,5-13-20-31-33-36:3;9-18-20-21-27-33:3;6-8-20-21-32-33:3,9-11-17-30-31-32:0;10-14-19-25-26-38:1;12-21-22-23-34-39:2,0.8400;0.8600;1.0600;0.9200;1.1000;0.9000;0.7400;0.9200;0.8400;0.9800,0:180;1:201;2:100;3:19,0:23;1:31;2:10;3:3
loto,5464,2026-08-13 21:00:00,100,500,0.882,4,10-13-21-22-24-28:4;4-10-13-21-33-39:4;12-20-22-28-33-39:3,13-17-18-25-29-34:1;7-8-16-20-30-35:1;4-9-22-26-28-37:1,0.8600;0.8800;0.8200;0.8200;0.7600;0.8600;1.0000;1.0000;0.8400;0.9800,0:173;1:231;2:80;3:14;4:2,0:25;1:32;2:10;3:1
loto,5464,2026-08-13 21:00:00,250,500,0.9,4,5-10-13-20-22-30:4;1-10-13-20-33-34:4;10-20-21-22-37-38:4,6-14-17-23-33-40:1;10-21-26-28-32-41:2;7-12-13-34-38-39:1,0.9000;1.0000;0.7400;0.9400;0.7800;0.9200;1.0400;0.9200;0.8200;0.9400,0:176;1:218;2:89;3:14;4:3,0:31;1:22;2:10
loto,5464,2026-08-13 21:00:00,500,500,0.93,3,10-20-21-25-28-35:3;9-10-13-16-33-38:3;8-13-15-20-32-33:3,1-3-13-25-26-28:1;5-18-21-32-36-39:1;4-20-23-27-30-41:1,0.8000;0.9400;0.9400;1.0200;1.0800;0.7400;0.9800;0.9200;0.9600;0.9200,0:167;1:218;2:98;3:17,0:23;1:28;2:13;3:2
loto,5464,2026-08-13 21:00:00,1000,500,0.902,4,10-13-14-20-23-33:4;8-13-20-21-27-40:3;1-10-13-17-22-34:3,8-13-20-21-27-40:3;9-17-24-32-38-39:0;2-11-16-18-31-36:0,0.9000;0.9200;0.7200;0.7600;1.0800;1.0400;0.9200;0.8600;1.0600;0.7600,0:185;1:197;2:101;3:16;4:1,0:43;1:27;2:14;3:2
loto,5464,2026-08-13 21:00:00,all,500,0.942,3,9-10-11-18-21-33:3;6-10-20-22-25-39:3;8-13-18-19-20-33:3,3-13-14-30-37-41:1;12-15-20-27-29-40:1;9-10-11-18-21-33:3,0.9600;0.8800;1.1000;0.8800;0.9600;0.8800;0.9800;0.9200;0.9200;0.9400,0:160;1:230;2:89;3:21,0:34;1:41;2:11;3:3
loto,5464,2026-08-13 21:00:00,all_sub,500,0.882,4,13-20-21-24-32-33:4;10-14-17-21-24-33:3;4-9-19-20-21-33:3,7-8-15-24-25-32:0;6-11-28-29-34-38:0;3-9-14-20-27-36:1,0.7000;0.9200;0.8400;0.9800;0.8800;0.8600;1.0800;0.9200;0.7600;0.8800,0:184;1:212;2:84;3:19;4:1,0:38;1:27;2:14;3:3
loto,5464,2026-08-13 21:00:00,dia,500,0.996,4,10-12-21-22-26-33:4;13-20-22-24-30-33:4;10-17-20-21-33-37:4,4-11-12-29-35-40:0;13-17-23-30-32-37:1;2-7-10-16-26-33:2,0.7600;0.9600;1.0400;1.1400;1.0600;1.1400;1.0400;0.8200;0.9400;1.0600,0:162;1:212;2:99;3:20;4:7,0:30;1:34;2:10
loto,5464,2026-08-13 21:00:00,mes,500,0.92,4,13-20-22-24-33-41:4;6-14-20-21-22-33:4;8-13-16-20-21-33:4,10-12-29-32-34-35:1;4-14-23-27-39-40:0;13-20-22-24-33-41:4,0.8400;1.0000;0.8800;1.0000;0.8800;1.0600;0.9000;1.0000;0.8400;0.8000,0:175;1:207;2:105;3:9;4:4,0:33;1:25;2:17
loto,5466,2026-08-18 21:00:00,50,500,0.912,4,7-12-22-28-33-38:4;10-12-13-34-37-38:4;7-9-12-26-28-35:3,16-17-19-24-26-31:0;1-13-20-33-36-39:1;8-9-25-34-35-38:2,0.9200;0.9400;0.9000;1.0400;0.8800;0.8400;0.9400;0.9400;0.8600;0.8600,0:176;1:211;2:96;3:15;4:2,0:29;1:29;2:16;3:1
loto,5466,2026-08-18 21:00:00,100,500,0.92,4,7-13-15-27-34-38:4;5-7-13-24-28-34:4;7-9-12-13-27-28:4,9-10-11-16-26-31:0;6-7-14-19-34-35:2;1-12-15-20-25-28:2,0.9200;0.7000;1.1000;1.2200;0.8000;0.9200;0.8600;0.9000;0.9400;0.8400,0:181;1:202;2:98;3:14;4:5,0:24;1:31;2:11;3:1
loto,5466,2026-08-18 21:00:00,250,500,0.93,4,7-12-14-21-28-34:4;4-12-13-19-38-40:3;1-13-22-28-29-38:3,7-14-18-21-24-31:1;6-19-22-29-39-40:0;4-16-17-20-23-37:0,1.0400;0.7600;0.8600;1.0400;0.9400;0.9600;0.9600;0.9800;0.6800;1.0800,0:167;1:220;2:95;3:17;4:1,0:31;1:33;2:6;3:1
loto,5466,2026-08-18 21:00:00,500,500,0.906,3,13-15-21-22-34-38:3;7-13-19-25-36-38:3;12-13-18-28-37-40:3,4-13-15-16-22-33:1;2-10-17-19-28-31:1;5-7-12-14-25-30:2,1.0800;0.8400;1.0800;0.9200;0.7600;1.0400;0.8000;0.8400;0.8800;0.8200,0:174;1:220;2:85;3:21,0:35;1:29;2:10;3:3
loto,5466,2026-08-18 21:00:00,1000,500,0.794,3,7-12-25-30-34-39:3;9-12-13-20-28-35:3;8-13-24-28-35-38:3,2-12-13-27-33-36:2;5-9-22-29-32-34:1;8-10-17-19-26-37:0,0.8400;0.7400;0.8600;0.8800;0.7200;0.8800;0.6200;0.7200;0.8000;0.8800,0:201;1:214;2:72;3:13,0:33;1:43;2:6;3:2
loto,5466,2026-08-18 21:00:00,all,500,0.892,4,7-12-28-34-36-39:4;7-8-9-13-26-38:3;7-9-11-19-28-34:3,13-18-19-24-35-37:1;4-8-11-15-21-40:0;2-5-14-26-28-33:1,0.8000;0.7200;0.9800;1.2600;0.8000;0.8800;0.7200;1.0800;0.8600;0.8200,0:193;1:189;2:98;3:19;4:1,0:31;1:30;2:12;3:2
loto,5466,2026-08-18 21:00:00,all_sub,500,0.864,4,9-12-13-28-38-39:4;7-11-12-28-39-41:3;7-11-23-34-36-38:3,5-15-21-26-31-32:0;3-12-30-35-36-37:1;1-9-13-18-22-34:2,0.9600;0.6800;0.9000;0.8600;0.8200;0.9800;0.7400;1.0600;0.7800;0.8600,0:189;1:208;2:86;3:16;4:1,0:27;1:30;2:11;3:3
loto,5466,2026-08-18 21:00:00,dia,500,0.838,3,4-13-28-29-30-34:3;11-12-18-34-38-41:3;7-8-9-28-32-38:3,13-19-24-27-30-37:1;6-9-10-26-31-33:0;4-7-15-22-35-39:1,0.8000;0.6400;0.7400;0.7800;0.7800;1.1000;1.0800;0.8200;0.8600;0.7800,0:190;1:214;2:83;3:13,0:24;1:37;2:9;3:1
loto,5466,2026-08-18 21:00:00,mes,500,0.86,4,7-12-19-34-35-38:4;7-10-11-32-34-38:3;7-9-13-23-26-34:3,2-3-6-31-37-39:0;14-17-19-20-32-33:0;1-12-13-24-30-36:2,0.8200;0.7400;0.9800;0.8400;1.0200;0.7800;0.7800;0.9600;0.7600;0.9200,0:199;1:194;2:86;3:20;4:1,0:30;1:22;2:7;3:4
kino,3268,2026-08-19,50,500,7.664,12,2-3-8-9-11-13-14-15-16-18-19-20-21-24:12;2-3-6-7-8-11-13-14-16-17-18-19-20-24:12;1-2-3-6-8-11-13-14-15-16-19-20-21-22:11,2-3-4-9-10-12-13-15-17-19-20-21-24-25:7;1-5-6-7-11-14-16-17-18-20-21-22-23-25:7;1-3-4-8-10-11-12-13-14-16-17-18-23-24:9,7.5000;7.5600;7.9400;7.2600;7.6000;7.7800;7.9600;7.8000;7.4400;7.8000,4:3;5:21;6:71;7:131;8:140;9:94;10:36;11:2;12:2,
kino,3268,2026-08-19,100,500,7.936,12,2-3-6-8-9-11-13-14-16-17-18-19-20-23:12;1-2-3-6-8-12-13-14-15-17-19-20-23-24:11;2-3-8-11-12-13-14-15-17-19-20-21-23-24:11,3-4-5-6-8-9-11-13-14-17-18-23-24-25:9;1-2-4-7-10-11-12-15-16-19-20-21-22-24:7;2-5-6-7-9-10-15-16-17-18-19-20-23-25:8,7.8400;7.5800;7.6200;8.2000;7.9600;7.7200;8.2000;8.2000;7.8000;8.2400,5:10;6:47;7:127;8:152;9:118;10:38;11:7;12:1,
kino,3268,2026-08-19,250,500,7.886,12,3-6-8-9-11-12-13-14-15-16-18-19-20-23:12;2-3-6-10-11-12-13-14-15-18-19-20-23-24:12;2-3-6-8-12-13-14-15-16-20-21-23-24-25:11,1-3-4-5-6-9-11-13-14-15-16-21-22-24:8;1-2-4-7-8-10-11-12-13-17-19-20-23-25:7;1-2-3-5-7-8-12-14-15-16-18-21-23-25:8,8.0200;7.7000;7.9200;7.6800;7.7400;8.0400;8.0400;8.0400;7.6800;8.0000,4:1;5:9;6:59;7:125;8:149;9:109;10:38;11:8;12:2,
kino,3268,2026-08-19,500,500,7.968,11,3-6-8-10-11-12-13-14-15-16-18-21-23-24:11;3-6-8-9-10-11-13-14-15-19-20-21-23-24:11;2-3-6-7-11-13-14-15-16-19-22-23-24-25:11,1-2-3-4-8-9-12-15-17-18-19-20-21-25:7;2-4-5-6-7-9-10-11-13-16-17-22-23-24:7;1-3-6-9-10-11-12-13-14-15-18-23-24-25:9,8.1200;7.8400;7.9000;7.5200;8.2000;7.9000;8.0400;8.2600;7.8200;8.0800,5:11;6:46;7:125;8:151;9:110;10:47;11:10,
kino,3268,2026-08-19,1000,500,7.892,12,2-3-5-8-11-13-14-15-16-19-20-22-23-24:12;2-6-7-8-9-11-13-14-15-16-18-19-21-24:11;2-3-6-7-9-13-14-15-17-18-19-20-23-24:11,1-4-6-7-8-10-13-14-16-18-19-21-24-25:8;1-2-3-5-6-9-12-13-14-15-19-20-22-23:9;2-3-4-7-9-11-12-14-15-17-18-21-22-24:7,8.1000;8.0200;7.9600;7.7200;8.0600;7.9800;8.0600;7.9600;7.4000;7.6600,4:1;5:14;6:55;7:128;8:141;9:105;10:44;11:11;12:1,
kino,3268,2026-08-19,all,500,7.872,12,1-2-3-6-7-8-11-13-15-16-18-20-23-24:12;1-2-3-6-7-8-12-14-15-18-19-20-23-24:11;2-3-6-7-8-10-11-13-14-15-18-19-20-22:11,1-2-3-4-9-10-14-15-16-18-19-20-22-25:8;2-5-6-8-9-11-12-14-17-18-21-23-24-25:8;1-4-7-8-9-12-13-14-17-19-20-21-22-23:6,7.8600;7.6400;8.2000;7.9000;7.9200;7.7200;7.7400;7.9800;8.1000;7.6600,4:1;5:8;6:57;7:126;8:168;9:88;10:41;11:10;12:1,
kino,3268,2026-08-19,all_sub,500,7.92,12,1-3-6-8-11-13-14-15-16-18-19-20-22-23:12;1-2-3-4-7-11-13-14-15-16-18-19-23-24:11;1-2-3-4-5-8-11-14-15-18-19-20-23-24:11,1-2-3-7-10-11-14-16-17-18-19-20-22-23:9;4-5-6-8-9-11-12-13-18-21-22-23-24-25:7;1-2-6-7-9-12-13-14-16-19-20-21-24-25:8,8.1600;7.6400;8.2600;7.7200;8.0000;7.7400;7.6400;8.2200;7.8400;7.9800,4:2;5:9;6:52;7:121;8:160;9:102;10:45;11:8;12:1,
kino,3268,2026-08-19,dia,500,7.87,12,2-3-5-9-11-13-14-15-16-18-19-20-23-24:12;2-3-6-7-8-11-13-14-15-16-19-20-24-25:12;2-3-6-8-9-11-13-14-15-16-18-22-23-25:11,1-2-4-6-7-8-11-13-14-17-18-19-22-23:9;2-3-5-10-12-13-14-15-16-19-21-22-24-25:8;2-5-6-7-9-10-11-14-15-16-17-18-20-25:8,8.0600;7.9800;8.0000;7.9800;7.7400;8.0000;8.2000;7.5400;7.7000;7.5000,4:1;5:12;6:60;7:124;8:140;9:118;10:36;11:7;12:2,
kino,3268,2026-08-19,mes,500,7.796,12,2-3-4-8-11-12-13-14-15-16-19-20-23-24:12;1-2-3-6-7-8-13-14-15-18-20-23-24-25:11;1-2-6-9-10-11-13-15-16-18-19-20-23-24:11,2-5-7-10-11-12-13-15-16-17-19-20-23-24:9;1-3-6-7-8-9-12-14-18-20-21-22-24-25:7;2-4-5-6-9-11-13-17-18-21-22-23-24-25:7,7.8600;7.6800;7.7800;7.9800;7.9200;7.5000;7.7600;7.7400;8.0600;7.6800,4:3;5:19;6:50;7:130;8:152;9:107;10:28;11:10;12:1,
kino,3269,2026-08-21,50,500,7.82,12,3-6-7-8-9-11-13-14-16-17-18-19-22-23:12;2-6-7-8-9-10-11-14-17-18-19-20-22-23:12;3-4-6-7-9-10-11-12-17-18-19-22-24-25:11,1-2-3-5-8-9-10-14-15-17-21-22-23-24:8;2-4-6-7-9-11-12-13-14-16-18-19-20-25:8;1-3-4-5-6-8-11-15-16-17-18-20-22-25:8,7.8400;8.1200;7.6200;7.7200;7.9000;7.9600;7.7400;7.7400;7.8000;7.7600,4:1;5:11;6:63;7:123;8:157;9:101;10:39;11:3;12:2,
kino,3269,2026-08-21,100,500,7.88,11,3-4-6-7-8-10-12-13-14-17-18-19-20-23:11;4-5-6-7-9-10-11-12-16-17-18-19-22-23:11;3-4-6-7-8-11-12-13-14-16-17-18-22-23:11,1-2-6-8-10-11-13-14-15-18-19-23-24-25:8;1-3-4-5-7-9-10-11-14-16-17-20-21-22:9;2-3-4-5-7-8-10-12-13-16-19-21-24-25:6,8.0000;7.9600;7.9800;7.8400;7.7800;8.2800;8.0000;7.3400;7.8800;7.7400,4:1;5:17;6:54;7:120;8:150;9:102;10:47;11:9,
kino,3269,2026-08-21,250,500,7.868,12,3-4-6-7-9-10-11-14-16-17-18-22-23-24:12;3-6-8-9-10-11-13-14-17-18-19-22-23-25:12;1-3-4-6-7-11-14-17-18-19-20-22-23-24:11,2-4-5-6-8-9-10-11-15-16-18-19-23-24:9;1-3-5-6-7-10-13-14-17-18-20-21-22-25:8;1-2-3-4-7-8-9-13-16-17-19-21-22-24:8,7.6400;8.1200;7.9000;8.0600;7.8200;7.8000;7.9600;7.9000;7.8000;7.6800,5:13;6:52;7:132;8:157;9:98;10:35;11:11;12:2,
kino,3269,2026-08-21,500,500,7.846,12,2-3-4-6-7-9-10-13-14-17-18-19-22-23:12;2-3-4-6-7-9-10-14-17-19-22-23-24-25:11;3-4-7-8-10-11-12-14-15-18-19-22-23-25:11,1-2-7-8-9-10-12-13-16-18-20-21-23-25:6;2-3-4-6-7-11-13-14-15-17-19-22-24-25:9;3-4-5-8-9-11-14-15-16-18-19-20-21-23:9,7.8000;8.2200;7.7800;8.0400;7.7600;7.4600;7.6400;8.0200;7.6400;8.1000,4:2;5:15;6:76;7:95;8:158;9:96;10:48;11:9;12:1,
kino,3269,2026-08-21,1000,500,7.744,12,1-3-4-5-6-7-9-10-14-17-18-19-22-23:12;3-4-5-7-8-10-11-14-17-18-19-21-23-24:11;3-4-6-7-8-9-10-11-14-15-18-21-23-25:11,1-2-4-8-11-13-14-15-17-18-20-21-23-25:7;3-4-5-6-7-9-10-13-15-18-19-21-22-24:9;1-2-3-5-6-7-11-12-16-17-20-22-23-24:7,7.7000;7.8200;7.7600;7.5600;7.5600;8.0400;7.6600;7.8600;7.8800;7.6000,4:2;5:17;6:59;7:131;8:162;9:85;10:38;11:5;12:1,
kino,3269,2026-08-21,all,500,7.982,12,1-3-4-6-7-8-10-11-14-17-18-19-23-25:12;1-3-4-6-8-10-11-12-14-17-18-19-22-23:12;2-3-4-6-8-9-10-11-12-15-17-19-22-23:11,1-2-5-6-8-10-11-13-14-15-17-19-22-23:9;3-4-5-6-7-8-9-12-13-14-16-18-21-25:8;2-3-4-7-10-13-15-16-17-18-20-21-22-24:7,7.8000;8.0600;8.2800;7.8400;7.8800;8.0600;7.9800;7.8600;8.0000;8.0600,5:12;6:40;7:120;8:168;9:104;10:47;11:7;12:2,
kino,3269,2026-08-21,all_sub,500,7.786,11,3-5-6-7-8-11-14-16-17-18-19-21-22-23:11;3-4-5-6-7-8-10-12-14-17-18-19-20-23:11;4-6-8-9-10-11-14-15-17-18-19-20-23-24:11,1-2-4-6-8-9-11-15-16-18-20-21-23-24:7;3-5-7-10-11-12-14-15-16-17-19-22-24-25:8;2-5-6-7-8-9-10-12-13-15-18-20-22-25:7,7.8400;7.7400;7.8600;7.9800;7.6200;7.7400;7.6000;7.7600;7.8600;7.8600,3:1;4:3;5:4;6:67;7:117;8:171;9:104;10:30;11:3,
kino,3269,2026-08-21,dia,500,7.816,12,4-6-7-8-9-10-14-17-18-19-20-21-22-23:12;3-6-8-9-11-12-14-15-16-17-18-19-22-23:11;3-4-5-6-7-9-11-14-15-17-18-19-22-24:11,1-2-5-8-9-10-11-14-17-18-19-22-23-25:10;3-4-6-7-9-12-13-15-16-20-21-23-24-25:6;2-5-6-8-11-12-13-15-16-17-18-21-22-24:6,7.7400;7.8200;7.7400;7.9200;7.7000;8.0600;8.1400;7.6400;7.6600;7.7400,4:2;5:15;6:68;7:113;8:150;9:106;10:35;11:10;12:1,
kino,3269,2026-08-21,mes,500,7.824,11,3-4-7-8-9-10-11-14-16-18-19-20-23-24:11;3-4-6-7-9-10-11-14-17-18-20-21-23-24:11;1-3-4-7-8-9-11-14-16-17-18-19-22-24:11,2-3-5-9-11-12-14-15-16-18-20-21-24-25:5;1-3-4-6-7-8-10-11-13-15-21-22-23-24:9;1-4-5-6-8-12-13-14-16-18-19-21-22-25:7,7.5400;8.0800;7.5400;8.0400;8.0200;7.9600;7.6800;7.9200;7.6400;7.8200,4:1;5:6;6:70;7:125;8:146;9:110;10:37;11:5,
kino,3270,2026-08-23,50,500,7.88,11,1-2-5-6-8-9-10-13-16-19-21-23-24-25:11;1-2-6-7-8-9-11-13-16-19-22-23-24-25:11;1-4-5-7-8-9-11-14-16-19-20-21-24-25:11,1-6-8-9-10-11-13-15-17-18-20-21-24-25:10;2-3-4-5-6-7-8-12-14-17-19-21-22-23:6;1-3-4-7-8-10-12-13-14-15-16-20-23-24:8,7.9200;7.8600;7.8600;7.8200;7.6400;7.9400;7.9800;7.8400;7.9400;8.0000,4:1;5:13;6:45;7:139;8:141;9:115;10:41;11:5,
kino,3270,2026-08-23,100,500,7.846,12,1-6-7-8-9-11-14-16-18-19-21-23-24-25:12;1-6-7-8-9-10-12-16-17-19-21-22-23-24:11;1-3-6-7-8-9-10-13-14-16-19-20-23-25:11,2-5-6-7-8-9-10-11-13-14-15-18-21-25:8;1-3-4-5-6-11-12-14-16-17-20-21-22-24:7;1-2-4-8-9-12-13-15-17-19-20-23-24-25:8,7.8000;7.8800;7.6800;7.8200;7.8000;8.0200;8.0600;7.8000;7.7200;7.8800,5:10;6:60;7:117;8:174;9:94;10:40;11:4;12:1,
kino,3270,2026-08-23,250,500,7.75,11,4-5-6-7-8-9-11-14-16-19-20-23-24-25:11;1-5-6-8-9-10-11-15-18-19-20-23-24-25:11;1-6-7-9-10-11-14-15-16-20-21-22-24-25:11,2-3-6-7-9-10-14-16-17-18-19-21-24-25:9;1-2-4-5-8-9-11-12-13-15-16-22-23-25:7;3-4-5-6-7-8-10-11-13-17-19-20-22-23:8,7.8200;7.5200;7.6400;7.8600;7.9400;7.7800;8.0000;7.7200;7.6400;7.5800,4:1;5:14;6:59;7:126;8:180;9:81;10:33;11:6,
kino,3270,2026-08-23,500,500,7.818,11,3-6-7-8-10-11-12-13-16-19-20-23-24-25:11;1-2-3-7-8-9-10-11-13-16-20-23-24-25:11;3-6-7-8-9-10-11-14-15-16-19-21-24-25:11,1-2-6-8-9-10-11-12-13-14-15-19-23-25:9;1-3-4-5-8-9-12-16-17-18-20-21-22-24:7;2-3-4-6-7-9-11-13-17-20-22-23-24-25:8,8.1600;7.9200;7.8200;7.7400;7.4800;7.7600;7.6800;8.0200;7.8800;7.7200,5:8;6:62;7:137;8:149;9:99;10:40;11:5,
kino,3270,2026-08-23,1000,500,7.734,11,1-4-6-7-9-10-11-13-16-18-20-23-24-25:11;1-2-3-6-8-9-11-14-16-19-20-21-23-25:11;1-4-6-7-8-9-10-13-15-16-19-20-23-25:11,1-2-3-5-6-7-11-14-17-18-21-22-24-25:7;1-4-5-8-9-10-12-13-15-16-17-19-20-21:8;4-6-7-9-11-12-13-14-18-19-20-23-24-25:9,7.5400;7.9400;7.5000;7.6400;7.9400;7.7400;7.8400;7.7800;7.7000;7.7200,4:1;5:13;6:66;7:130;8:153;9:106;10:27;11:4,
kino,3270,2026-08-23,all,500,7.886,11,2-4-6-7-9-10-11-13-16-19-20-23-24-25:11;1-4-6-7-8-9-10-11-13-16-18-19-20-23:11;1-5-6-7-10-11-15-16-18-20-21-23-24-25:11,2-3-4-5-6-9-10-14-15-16-17-19-21-25:7;1-6-7-8-9-11-12-13-14-18-19-20-23-24:10;1-2-4-8-10-12-13-15-16-19-20-21-22-23:8,7.9200;7.7800;7.9000;7.9200;7.8800;7.9800;7.9400;7.8400;7.7800;7.9200,5:13;6:40;7:138;8:167;9:93;10:40;11:9,
kino,3270,2026-08-23,all_sub,500,7.732,11,1-4-7-8-9-10-11-15-16-18-19-23-24-25:11;3-6-8-9-10-11-13-16-18-19-20-21-23-25:11;2-4-6-7-8-9-10-11-16-17-20-23-24-25:11,1-2-4-5-6-10-12-15-17-20-22-23-24-25:7;1-3-4-7-8-9-11-12-13-14-18-20-21-24:8;3-6-7-10-11-12-13-16-17-18-19-22-23-24:8,7.7400;7.8200;7.5000;7.6800;7.8000;7.5800;7.8000;7.7600;7.8600;7.7800,4:2;5:15;6:50;7:156;8:146;9:91;10:36;11:4,
kino,3270,2026-08-23,dia,500,7.782,13,1-6-7-8-9-10-11-15-16-19-20-21-23-24:13;1-6-9-10-11-12-15-16-17-19-20-21-23-24:11;1-5-6-7-8-9-10-14-16-18-19-20-24-25:11,2-3-4-6-8-9-10-11-12-15-17-18-23-25:7;1-5-7-8-9-13-15-16-18-20-21-22-24-25:9;1-2-4-5-6-11-12-13-14-17-19-20-21-22:6,7.7800;7.8600;8.0200;7.6600;7.9800;7.5200;7.6800;7.6400;7.6000;8.0800,4:1;5:12;6:61;7:142;8:146;9:93;10:35;11:9;13:1,
kino,3270,2026-08-23,mes,500,7.702,12,1-2-7-8-9-10-11-14-16-20-21-23-24-25:12;1-2-6-7-8-9-10-12-13-16-19-21-23-25:11;1-2-6-7-8-9-11-14-18-19-20-23-24-25:11,1-5-6-7-8-9-11-13-16-17-18-20-23-24:10;2-3-4-6-10-12-13-14-15-17-19-21-22-25:5;1-3-5-9-10-12-14-16-18-20-21-22-23-25:8,7.7000;7.7000;7.6800;7.8400;7.3200;7.7200;7.8400;7.6000;7.7800;7.8400,4:2;5:10;6:62;7:132;8:183;9:83;10:23;11:4;12:1,
loto,5467,2026-08-20 21:00:00,50,500,0.83,4,2-8-23-32-40-41:4;1-2-17-30-32-41:4;2-4-16-17-27-41:3,3-17-28-31-32-40:2;5-7-22-26-33-36:0;4-8-13-15-20-37:1,0.8600;0.8400;0.6400;0.8000;1.0400;0.8400;0.8400;0.7200;0.7800;0.9400,0:198;1:206;2:81;3:13;4:2,0:37;1:26;2:13;3:3
loto,5467,2026-08-20 21:00:00,100,500,0.868,3,1-10-18-27-40-41:3;1-4-16-32-36-39:3;1-11-14-32-37-40:3,11-16-21-28-39-40:1;2-13-24-26-38-41:2;7-8-14-33-34-37:0,1.0200;0.9000;0.9000;0.8400;0.7200;0.8600;0.8200;0.9200;0.8400;0.8600,0:182;1:216;2:88;3:14,0:31;1:26;2:9
loto,5467,2026-08-20 21:00:00,250,500,0.822,4,1-11-32-36-40-41:4;1-2-13-15-32-36:3;1-2-3-23-33-40:3,7-12-20-22-27-28:0;8-9-13-18-21-40:1;14-15-23-26-29-33:0,0.8000;0.9600;0.7600;1.1400;0.8200;0.6600;0.5800;0.9400;0.8400;0.7200,0:197;1:208;2:83;3:11;4:1,0:39;1:27;2:4
loto,5467,2026-08-20 21:00:00,500,500,0.888,4,1-2-7-21-32-41:4;1-2-26-32-34-41:4;1-5-32-34-36-41:3,9-10-13-32-33-39:1;3-7-21-24-28-31:0;2-5-11-16-35-36:1,0.9600;1.1600;0.8400;0.7200;0.9400;0.9800;1.0200;0.6000;0.8800;0.7800,0:182;1:214;2:84;3:18;4:2,0:34;1:24;2:13;3:2
loto,5467,2026-08-20 21:00:00,1000,500,0.768,4,1-4-24-31-32-41:4;1-2-11-21-22-41:3;1-2-11-29-32-33:3,8-11-19-34-35-38:0;1-18-20-24-26-31:1;5-9-12-13-16-39:0,0.7400;0.6800;0.7600;0.8400;0.7800;0.8800;0.6000;0.7800;0.8800;0.7400,0:218;1:197;2:69;3:15;4:1,0:29;1:26;2:6;3:1
loto,5467,2026-08-20 21:00:00,all,500,0.792,3,1-11-14-24-32-40:3;4-11-21-32-36-41:3;2-7-26-31-32-41:3,7-12-18-24-25-37:0;1-19-21-22-32-39:2;10-13-15-30-36-40:1,0.8200;0.8600;0.8400;0.7000;0.8000;0.8200;0.9800;0.8000;0.6000;0.7000,0:197;1:222;2:69;3:12,0:39;1:22;2:3;3:1
loto,5467,2026-08-20 21:00:00,all_sub,500,0.838,4,2-4-11-22-40-41:4;4-9-22-23-32-41:3;2-14-23-29-32-40:3,9-24-25-30-33-40:1;7-10-18-23-31-38:0;5-12-17-20-36-41:1,0.7600;0.9000;0.9200;0.8800;0.9800;0.8600;0.6400;0.7400;0.8200;0.8800,0:192;1:214;2:78;3:15;4:1,0:37;1:33;2:10;3:2
loto,5467,2026-08-20 21:00:00,dia,500,0.832,4,2-4-32-35-37-40:4;1-4-18-31-32-41:4;1-2-13-19-30-41:3,2-12-13-19-21-40:2;1-3-14-24-28-41:2;5-8-25-26-33-35:0,0.7800;0.7000;0.7400;0.8000;0.7200;0.7400;1.0600;0.8800;1.0200;0.8800,0:210;1:190;2:76;3:22;4:2,0:40;1:21;2:10;3:1
loto,5467,2026-08-20 21:00:00,mes,500,0.912,4,1-2-10-19-32-40:4;2-4-21-29-32-40:4;1-4-14-23-24-40:3,2-3-15-18-24-28:1;5-13-19-22-27-30:0;1-4-21-26-38-39:2,1.1000;0.9400;1.0000;0.9200;0.7800;0.8200;0.8400;0.8400;0.8800;1.0000,0:173;1:219;2:89;3:17;4:2,0:25;1:27;2:15
kino,3271,2026-08-26,50,500,7.906,11,1-2-4-6-11-12-13-15-17-18-22-23-24-25:11;1-4-6-9-10-11-13-15-18-21-22-23-24-25:11;3-4-5-6-11-12-13-15-16-18-21-23-24-25:11,1-3-4-6-7-8-10-12-14-15-21-22-23-25:7;1-2-5-8-9-13-16-17-18-19-20-23-24-25:8;3-6-7-9-11-12-13-16-17-18-19-20-21-22:9,7.9800;7.7800;8.0400;7.9800;7.9400;7.5800;8.2400;7.8200;7.9200;7.7800,4:1;5:10;6:41;7:131;8:168;9:106;10:35;11:8,
kino,3271,2026-08-26,100,500,7.87,11,4-6-8-10-11-12-13-15-16-17-20-21-24-25:11;3-4-6-11-12-13-14-15-16-18-20-21-23-25:11;1-3-4-6-10-12-15-16-17-20-22-23-24-25:10,2-3-4-5-11-12-14-15-16-18-19-21-22-24:8;1-2-5-6-7-9-10-11-13-16-20-22-23-25:8;1-4-5-7-8-10-12-13-14-15-17-18-22-23:7,7.9200;8.0200;7.8600;7.8400;7.8000;8.0000;7.7400;7.7200;8.0000;7.8000,5:4;6:44;7:135;8:182;9:102;10:31;11:2,
kino,3271,2026-08-26,250,500,7.742,11,2-4-6-9-11-12-15-16-17-18-20-21-24-25:11;4-5-6-7-8-9-13-15-16-18-20-22-24-25:10;3-4-5-6-9-10-13-16-17-20-21-22-24-25:10,1-6-7-8-9-12-14-16-18-19-21-22-23-24:7;2-3-4-5-10-11-12-15-17-18-19-20-24-25:8;1-4-5-6-7-8-10-11-13-16-17-18-20-23:9,7.6800;7.6600;7.7200;7.7000;7.5200;7.7600;7.7800;7.8400;7.7800;7.9800,5:13;6:52;7:135;8:179;9:94;10:26;11:1,
kino,3271,2026-08-26,500,500,7.832,11,2-4-6-9-11-14-15-16-17-20-21-22-23-24:11;4-6-9-11-12-13-15-16-17-18-19-20-21-24:11;2-3-6-7-11-13-15-16-18-20-22-23-24-25:11,3-5-6-7-12-13-14-15-16-18-20-21-22-23:9;1-2-4-6-8-9-10-14-17-18-19-21-24-25:7;1-3-4-8-10-11-12-13-15-16-17-20-21-25:9,7.9600;7.8600;7.9200;7.7800;7.8400;7.9600;7.8200;7.7000;7.7000;7.7800,5:5;6:48;7:153;8:152;9:112;10:22;11:8,
kino,3271,2026-08-26,1000,500,7.844,11,4-6-7-8-9-11-15-16-17-18-21-23-24-25:11;1-4-6-8-11-13-14-16-17-20-21-23-24-25:11;3-4-6-9-11-12-15-16-17-18-21-22-23-25:11,2-3-4-5-9-11-12-13-14-16-19-21-22-23:7;1-2-5-6-7-10-15-17-18-20-22-23-24-25:9;1-4-7-8-9-10-12-13-14-15-16-20-21-25:7,7.8600;7.8000;7.7600;8.1400;7.7000;7.8200;7.6600;7.9400;7.9200;7.8400,5:9;6:51;7:121;8:175;9:120;10:20;11:4,
kino,3271,2026-08-26,all,500,7.784,11,2-4-6-9-10-11-15-16-17-18-20-21-24-25:11;1-2-4-5-6-11-12-13-17-18-21-22-24-25:10;1-2-6-11-12-13-15-16-17-19-20-21-22-25:10,2-3-6-8-10-11-12-14-17-19-20-21-22-23:7;1-4-5-7-8-9-12-13-15-16-17-18-22-24:8;2-3-4-7-9-10-13-14-15-18-19-20-24-25:7,7.7600;7.8600;8.0000;7.8400;7.6800;7.9000;7.7600;7.6600;7.5600;7.8200,5:8;6:56;7:130;8:173;9:109;10:23;11:1,
kino,3271,2026-08-26,all_sub,500,7.786,10,1-4-5-6-7-9-11-13-15-16-18-22-24-25:10;1-2-6-9-10-11-13-15-17-18-21-22-24-25:10;3-6-7-8-10-11-13-15-16-18-20-21-22-25:10,3-6-8-9-11-12-13-14-15-16-18-21-23-25:9;1-3-4-5-7-9-10-16-17-19-20-22-24-25:7;1-2-5-6-7-10-11-12-14-16-19-21-23-24:6,7.8800;7.9200;7.7600;7.6000;8.1000;7.8200;7.7000;7.8400;7.4800;7.7600,4:1;5:3;6:66;7:138;8:150;9:108;10:34,
kino,3271,2026-08-26,dia,500,7.868,11,4-6-8-9-10-11-13-15-16-18-22-23-24-25:11;3-4-6-8-9-13-15-16-17-21-22-23-24-25:11;2-3-6-7-10-11-13-15-17-18-20-22-23-24:10,3-4-7-9-10-12-13-16-17-19-21-22-23-24:8;1-2-3-5-6-7-11-14-15-18-20-23-24-25:8;2-4-5-7-8-13-14-15-16-19-20-21-22-25:8,8.0400;7.8800;7.7400;7.9600;7.6200;8.2400;7.9400;7.6800;7.8200;7.7600,5:8;6:58;7:114;8:174;9:106;10:38;11:2,
kino,3271,2026-08-26,mes,500,7.794,11,1-4-6-7-11-12-13-15-18-20-21-22-23-24:11;1-3-4-6-7-11-13-15-16-20-21-22-24-25:11;1-4-5-6-7-10-15-16-17-18-20-21-22-24:10,1-4-5-6-7-10-15-16-17-18-20-21-22-24:10;2-3-8-9-11-12-13-14-17-18-19-21-22-23:7;1-2-3-4-5-8-10-11-13-17-19-20-24-25:7,7.7600;7.9600;7.7600;7.7200;7.9600;7.8000;7.7000;7.6400;7.9800;7.6600,5:6;6:46;7:150;8:164;9:113;10:19;11:2,
loto,5469,2026-08-25 21:00:00,50,500,0.826,3,3-4-10-21-25-29:3;4-5-19-28-34-37:3;4-7-14-26-29-37:3,3-8-10-25-31-40:1;6-14-17-19-27-38:1;7-12-16-34-36-37:1,0.8600;1.0800;0.7000;0.7600;0.7200;0.6800;0.8400;0.8400;0.8000;0.9800,0:194;1:210;2:85;3:11,0:34;1:36;2:8;3:1
loto,5469,2026-08-25 21:00:00,100,500,0.896,4,3-4-22-29-33-37:4;3-4-12-14-37-39:4;3-4-14-17-37-41:3,6-14-24-27-32-35:0;10-16-25-28-29-36:1;5-11-17-26-40-41:0,0.9200;0.8800;0.7200;1.0200;0.8600;0.9400;0.9800;0.8000;0.9200;0.9200,0:174;1:228;2:76;3:20;4:2,0:26;1:29;2:6;3:1
loto,5469,2026-08-25 21:00:00,250,500,0.832,3,3-4-9-20-30-39:3;3-13-14-19-24-29:3;3-4-8-17-23-39:3,7-12-14-19-26-37:2;5-17-18-24-39-40:1;4-11-13-22-35-36:1,0.8800;0.9400;0.6600;0.9000;1.0400;0.8200;0.8000;0.5400;0.9000;0.8400,0:198;1:205;2:80;3:17,0:37;1:26;2:7
loto,5469,2026-08-25 21:00:00,500,500,0.858,3,12-16-21-29-37-39:3;4-19-21-24-29-31:3;4-16-29-31-39-40:3,1-7-24-28-29-37:2;2-5-20-27-30-35:0;16-18-22-25-31-40:0,0.9200;0.9800;0.7400;0.9000;0.8600;0.7800;1.0400;0.7400;0.8600;0.7600,0:195;1:196;2:94;3:15,0:33;1:28;2:12;3:5
loto,5469,2026-08-25 21:00:00,1000,500,0.888,3,4-12-20-29-36-37:3;4-14-16-19-23-39:3;3-4-7-9-32-37:3,1-9-12-26-36-41:0;10-21-22-25-30-37:1;2-19-23-27-34-38:1,1.1400;0.8200;0.8800;0.9200;0.6600;0.8200;0.8800;0.9000;0.8800;0.9800,0:188;1:193;2:106;3:13,0:24;1:22;2:18;3:2
loto,5469,2026-08-25 21:00:00,all,500,0.886,3,4-14-25-36-37-39:3;2-3-8-32-37-39:3;7-19-26-28-29-37:3,1-9-20-28-32-36:0;10-11-14-15-40-41:0;3-8-12-22-23-37:2,0.8800;0.7800;0.8600;0.9400;0.7000;0.9400;0.9000;0.7800;1.0000;1.0800,0:184;1:203;2:99;3:14,0:38;1:32;2:10
loto,5469,2026-08-25 21:00:00,all_sub,500,0.85,3,3-4-6-25-31-39:3;4-6-30-37-39-41:3;3-8-10-32-37-39:3,11-17-18-19-22-39:2;2-9-10-35-36-38:0;1-14-23-25-31-40:0,0.9000;0.7800;0.7800;0.8400;0.7800;1.1800;0.9400;0.8400;0.8000;0.6600,0:191;1:208;2:86;3:15,0:36;1:36;2:8
loto,5469,2026-08-25 21:00:00,dia,500,0.864,4,3-14-19-29-32-37:4;2-4-19-26-36-37:3;4-16-19-25-26-37:3,3-14-23-30-35-39:2;5-9-12-13-26-36:0;2-19-22-25-29-41:2,0.7600;0.8000;0.9400;0.7600;1.0000;0.8800;0.8400;1.0600;0.5800;1.0200,0:192;1:204;2:85;3:18;4:1,0:34;1:28;2:12;3:2
loto,5469,2026-08-25 21:00:00,mes,500,0.87,4,3-12-19-29-34-37:4;3-4-15-30-37-39:4;4-20-23-27-37-39:3,4-7-13-26-34-41:1;6-21-23-30-31-35:0;1-3-17-28-32-38:1,0.7800;0.8800;0.8400;0.7000;0.8600;0.9400;1.0400;0.8200;1.0200;0.8200,0:170;1:243;2:71;3:14;4:2,0:28;1:31;2:14;3:2
